[
    {
        "model": "auth.permission",
        "pk": 1,
        "fields": {
            "name": "Can add log entry",
            "content_type": 1,
            "codename": "add_logentry"
        }
    },
    {
        "model": "auth.permission",
        "pk": 2,
        "fields": {
            "name": "Can change log entry",
            "content_type": 1,
            "codename": "change_logentry"
        }
    },
    {
        "model": "auth.permission",
        "pk": 3,
        "fields": {
            "name": "Can delete log entry",
            "content_type": 1,
            "codename": "delete_logentry"
        }
    },
    {
        "model": "auth.permission",
        "pk": 4,
        "fields": {
            "name": "Can view log entry",
            "content_type": 1,
            "codename": "view_logentry"
        }
    },
    {
        "model": "auth.permission",
        "pk": 5,
        "fields": {
            "name": "Can add permission",
            "content_type": 2,
            "codename": "add_permission"
        }
    },
    {
        "model": "auth.permission",
        "pk": 6,
        "fields": {
            "name": "Can change permission",
            "content_type": 2,
            "codename": "change_permission"
        }
    },
    {
        "model": "auth.permission",
        "pk": 7,
        "fields": {
            "name": "Can delete permission",
            "content_type": 2,
            "codename": "delete_permission"
        }
    },
    {
        "model": "auth.permission",
        "pk": 8,
        "fields": {
            "name": "Can view permission",
            "content_type": 2,
            "codename": "view_permission"
        }
    },
    {
        "model": "auth.permission",
        "pk": 9,
        "fields": {
            "name": "Can add group",
            "content_type": 3,
            "codename": "add_group"
        }
    },
    {
        "model": "auth.permission",
        "pk": 10,
        "fields": {
            "name": "Can change group",
            "content_type": 3,
            "codename": "change_group"
        }
    },
    {
        "model": "auth.permission",
        "pk": 11,
        "fields": {
            "name": "Can delete group",
            "content_type": 3,
            "codename": "delete_group"
        }
    },
    {
        "model": "auth.permission",
        "pk": 12,
        "fields": {
            "name": "Can view group",
            "content_type": 3,
            "codename": "view_group"
        }
    },
    {
        "model": "auth.permission",
        "pk": 13,
        "fields": {
            "name": "Can add content type",
            "content_type": 4,
            "codename": "add_contenttype"
        }
    },
    {
        "model": "auth.permission",
        "pk": 14,
        "fields": {
            "name": "Can change content type",
            "content_type": 4,
            "codename": "change_contenttype"
        }
    },
    {
        "model": "auth.permission",
        "pk": 15,
        "fields": {
            "name": "Can delete content type",
            "content_type": 4,
            "codename": "delete_contenttype"
        }
    },
    {
        "model": "auth.permission",
        "pk": 16,
        "fields": {
            "name": "Can view content type",
            "content_type": 4,
            "codename": "view_contenttype"
        }
    },
    {
        "model": "auth.permission",
        "pk": 17,
        "fields": {
            "name": "Can add session",
            "content_type": 5,
            "codename": "add_session"
        }
    },
    {
        "model": "auth.permission",
        "pk": 18,
        "fields": {
            "name": "Can change session",
            "content_type": 5,
            "codename": "change_session"
        }
    },
    {
        "model": "auth.permission",
        "pk": 19,
        "fields": {
            "name": "Can delete session",
            "content_type": 5,
            "codename": "delete_session"
        }
    },
    {
        "model": "auth.permission",
        "pk": 20,
        "fields": {
            "name": "Can view session",
            "content_type": 5,
            "codename": "view_session"
        }
    },
    {
        "model": "auth.permission",
        "pk": 21,
        "fields": {
            "name": "Can add User",
            "content_type": 6,
            "codename": "add_user"
        }
    },
    {
        "model": "auth.permission",
        "pk": 22,
        "fields": {
            "name": "Can change User",
            "content_type": 6,
            "codename": "change_user"
        }
    },
    {
        "model": "auth.permission",
        "pk": 23,
        "fields": {
            "name": "Can delete User",
            "content_type": 6,
            "codename": "delete_user"
        }
    },
    {
        "model": "auth.permission",
        "pk": 24,
        "fields": {
            "name": "Can view User",
            "content_type": 6,
            "codename": "view_user"
        }
    },
    {
        "model": "auth.permission",
        "pk": 25,
        "fields": {
            "name": "Can add User Alert Preference",
            "content_type": 7,
            "codename": "add_useralertpreference"
        }
    },
    {
        "model": "auth.permission",
        "pk": 26,
        "fields": {
            "name": "Can change User Alert Preference",
            "content_type": 7,
            "codename": "change_useralertpreference"
        }
    },
    {
        "model": "auth.permission",
        "pk": 27,
        "fields": {
            "name": "Can delete User Alert Preference",
            "content_type": 7,
            "codename": "delete_useralertpreference"
        }
    },
    {
        "model": "auth.permission",
        "pk": 28,
        "fields": {
            "name": "Can view User Alert Preference",
            "content_type": 7,
            "codename": "view_useralertpreference"
        }
    },
    {
        "model": "auth.permission",
        "pk": 29,
        "fields": {
            "name": "Can add Subscription Plan",
            "content_type": 8,
            "codename": "add_subscriptionplan"
        }
    },
    {
        "model": "auth.permission",
        "pk": 30,
        "fields": {
            "name": "Can change Subscription Plan",
            "content_type": 8,
            "codename": "change_subscriptionplan"
        }
    },
    {
        "model": "auth.permission",
        "pk": 31,
        "fields": {
            "name": "Can delete Subscription Plan",
            "content_type": 8,
            "codename": "delete_subscriptionplan"
        }
    },
    {
        "model": "auth.permission",
        "pk": 32,
        "fields": {
            "name": "Can view Subscription Plan",
            "content_type": 8,
            "codename": "view_subscriptionplan"
        }
    },
    {
        "model": "auth.permission",
        "pk": 33,
        "fields": {
            "name": "Can add User Subscription",
            "content_type": 9,
            "codename": "add_usersubscription"
        }
    },
    {
        "model": "auth.permission",
        "pk": 34,
        "fields": {
            "name": "Can change User Subscription",
            "content_type": 9,
            "codename": "change_usersubscription"
        }
    },
    {
        "model": "auth.permission",
        "pk": 35,
        "fields": {
            "name": "Can delete User Subscription",
            "content_type": 9,
            "codename": "delete_usersubscription"
        }
    },
    {
        "model": "auth.permission",
        "pk": 36,
        "fields": {
            "name": "Can view User Subscription",
            "content_type": 9,
            "codename": "view_usersubscription"
        }
    },
    {
        "model": "auth.permission",
        "pk": 37,
        "fields": {
            "name": "Can add Token Purchase",
            "content_type": 10,
            "codename": "add_tokenpurchase"
        }
    },
    {
        "model": "auth.permission",
        "pk": 38,
        "fields": {
            "name": "Can change Token Purchase",
            "content_type": 10,
            "codename": "change_tokenpurchase"
        }
    },
    {
        "model": "auth.permission",
        "pk": 39,
        "fields": {
            "name": "Can delete Token Purchase",
            "content_type": 10,
            "codename": "delete_tokenpurchase"
        }
    },
    {
        "model": "auth.permission",
        "pk": 40,
        "fields": {
            "name": "Can view Token Purchase",
            "content_type": 10,
            "codename": "view_tokenpurchase"
        }
    },
    {
        "model": "auth.permission",
        "pk": 41,
        "fields": {
            "name": "Can add Admin Announcement",
            "content_type": 11,
            "codename": "add_adminannouncement"
        }
    },
    {
        "model": "auth.permission",
        "pk": 42,
        "fields": {
            "name": "Can change Admin Announcement",
            "content_type": 11,
            "codename": "change_adminannouncement"
        }
    },
    {
        "model": "auth.permission",
        "pk": 43,
        "fields": {
            "name": "Can delete Admin Announcement",
            "content_type": 11,
            "codename": "delete_adminannouncement"
        }
    },
    {
        "model": "auth.permission",
        "pk": 44,
        "fields": {
            "name": "Can view Admin Announcement",
            "content_type": 11,
            "codename": "view_adminannouncement"
        }
    },
    {
        "model": "auth.permission",
        "pk": 45,
        "fields": {
            "name": "Can add Company",
            "content_type": 12,
            "codename": "add_company"
        }
    },
    {
        "model": "auth.permission",
        "pk": 46,
        "fields": {
            "name": "Can change Company",
            "content_type": 12,
            "codename": "change_company"
        }
    },
    {
        "model": "auth.permission",
        "pk": 47,
        "fields": {
            "name": "Can delete Company",
            "content_type": 12,
            "codename": "delete_company"
        }
    },
    {
        "model": "auth.permission",
        "pk": 48,
        "fields": {
            "name": "Can view Company",
            "content_type": 12,
            "codename": "view_company"
        }
    },
    {
        "model": "auth.permission",
        "pk": 49,
        "fields": {
            "name": "Can add Company Role",
            "content_type": 13,
            "codename": "add_companyrole"
        }
    },
    {
        "model": "auth.permission",
        "pk": 50,
        "fields": {
            "name": "Can change Company Role",
            "content_type": 13,
            "codename": "change_companyrole"
        }
    },
    {
        "model": "auth.permission",
        "pk": 51,
        "fields": {
            "name": "Can delete Company Role",
            "content_type": 13,
            "codename": "delete_companyrole"
        }
    },
    {
        "model": "auth.permission",
        "pk": 52,
        "fields": {
            "name": "Can view Company Role",
            "content_type": 13,
            "codename": "view_companyrole"
        }
    },
    {
        "model": "auth.permission",
        "pk": 53,
        "fields": {
            "name": "Can add Company Type",
            "content_type": 14,
            "codename": "add_companytype"
        }
    },
    {
        "model": "auth.permission",
        "pk": 54,
        "fields": {
            "name": "Can change Company Type",
            "content_type": 14,
            "codename": "change_companytype"
        }
    },
    {
        "model": "auth.permission",
        "pk": 55,
        "fields": {
            "name": "Can delete Company Type",
            "content_type": 14,
            "codename": "delete_companytype"
        }
    },
    {
        "model": "auth.permission",
        "pk": 56,
        "fields": {
            "name": "Can view Company Type",
            "content_type": 14,
            "codename": "view_companytype"
        }
    },
    {
        "model": "auth.permission",
        "pk": 57,
        "fields": {
            "name": "Can add Ingestion Log",
            "content_type": 15,
            "codename": "add_ingestionlog"
        }
    },
    {
        "model": "auth.permission",
        "pk": 58,
        "fields": {
            "name": "Can change Ingestion Log",
            "content_type": 15,
            "codename": "change_ingestionlog"
        }
    },
    {
        "model": "auth.permission",
        "pk": 59,
        "fields": {
            "name": "Can delete Ingestion Log",
            "content_type": 15,
            "codename": "delete_ingestionlog"
        }
    },
    {
        "model": "auth.permission",
        "pk": 60,
        "fields": {
            "name": "Can view Ingestion Log",
            "content_type": 15,
            "codename": "view_ingestionlog"
        }
    },
    {
        "model": "auth.permission",
        "pk": 61,
        "fields": {
            "name": "Can add Key Contact",
            "content_type": 16,
            "codename": "add_keycontact"
        }
    },
    {
        "model": "auth.permission",
        "pk": 62,
        "fields": {
            "name": "Can change Key Contact",
            "content_type": 16,
            "codename": "change_keycontact"
        }
    },
    {
        "model": "auth.permission",
        "pk": 63,
        "fields": {
            "name": "Can delete Key Contact",
            "content_type": 16,
            "codename": "delete_keycontact"
        }
    },
    {
        "model": "auth.permission",
        "pk": 64,
        "fields": {
            "name": "Can view Key Contact",
            "content_type": 16,
            "codename": "view_keycontact"
        }
    },
    {
        "model": "auth.permission",
        "pk": 65,
        "fields": {
            "name": "Can add Sector",
            "content_type": 17,
            "codename": "add_sector"
        }
    },
    {
        "model": "auth.permission",
        "pk": 66,
        "fields": {
            "name": "Can change Sector",
            "content_type": 17,
            "codename": "change_sector"
        }
    },
    {
        "model": "auth.permission",
        "pk": 67,
        "fields": {
            "name": "Can delete Sector",
            "content_type": 17,
            "codename": "delete_sector"
        }
    },
    {
        "model": "auth.permission",
        "pk": 68,
        "fields": {
            "name": "Can view Sector",
            "content_type": 17,
            "codename": "view_sector"
        }
    },
    {
        "model": "auth.permission",
        "pk": 69,
        "fields": {
            "name": "Can add Image",
            "content_type": 18,
            "codename": "add_image"
        }
    },
    {
        "model": "auth.permission",
        "pk": 70,
        "fields": {
            "name": "Can change Image",
            "content_type": 18,
            "codename": "change_image"
        }
    },
    {
        "model": "auth.permission",
        "pk": 71,
        "fields": {
            "name": "Can delete Image",
            "content_type": 18,
            "codename": "delete_image"
        }
    },
    {
        "model": "auth.permission",
        "pk": 72,
        "fields": {
            "name": "Can view Image",
            "content_type": 18,
            "codename": "view_image"
        }
    },
    {
        "model": "auth.permission",
        "pk": 73,
        "fields": {
            "name": "Can add Company Product",
            "content_type": 19,
            "codename": "add_companyproduct"
        }
    },
    {
        "model": "auth.permission",
        "pk": 74,
        "fields": {
            "name": "Can change Company Product",
            "content_type": 19,
            "codename": "change_companyproduct"
        }
    },
    {
        "model": "auth.permission",
        "pk": 75,
        "fields": {
            "name": "Can delete Company Product",
            "content_type": 19,
            "codename": "delete_companyproduct"
        }
    },
    {
        "model": "auth.permission",
        "pk": 76,
        "fields": {
            "name": "Can view Company Product",
            "content_type": 19,
            "codename": "view_companyproduct"
        }
    },
    {
        "model": "auth.permission",
        "pk": 77,
        "fields": {
            "name": "Can add Company Metrics Cache",
            "content_type": 20,
            "codename": "add_companymetricscache"
        }
    },
    {
        "model": "auth.permission",
        "pk": 78,
        "fields": {
            "name": "Can change Company Metrics Cache",
            "content_type": 20,
            "codename": "change_companymetricscache"
        }
    },
    {
        "model": "auth.permission",
        "pk": 79,
        "fields": {
            "name": "Can delete Company Metrics Cache",
            "content_type": 20,
            "codename": "delete_companymetricscache"
        }
    },
    {
        "model": "auth.permission",
        "pk": 80,
        "fields": {
            "name": "Can view Company Metrics Cache",
            "content_type": 20,
            "codename": "view_companymetricscache"
        }
    },
    {
        "model": "auth.permission",
        "pk": 81,
        "fields": {
            "name": "Can add Key Contact Unlock",
            "content_type": 21,
            "codename": "add_keycontactunlock"
        }
    },
    {
        "model": "auth.permission",
        "pk": 82,
        "fields": {
            "name": "Can change Key Contact Unlock",
            "content_type": 21,
            "codename": "change_keycontactunlock"
        }
    },
    {
        "model": "auth.permission",
        "pk": 83,
        "fields": {
            "name": "Can delete Key Contact Unlock",
            "content_type": 21,
            "codename": "delete_keycontactunlock"
        }
    },
    {
        "model": "auth.permission",
        "pk": 84,
        "fields": {
            "name": "Can view Key Contact Unlock",
            "content_type": 21,
            "codename": "view_keycontactunlock"
        }
    },
    {
        "model": "auth.permission",
        "pk": 85,
        "fields": {
            "name": "Can add Transaction",
            "content_type": 22,
            "codename": "add_transaction"
        }
    },
    {
        "model": "auth.permission",
        "pk": 86,
        "fields": {
            "name": "Can change Transaction",
            "content_type": 22,
            "codename": "change_transaction"
        }
    },
    {
        "model": "auth.permission",
        "pk": 87,
        "fields": {
            "name": "Can delete Transaction",
            "content_type": 22,
            "codename": "delete_transaction"
        }
    },
    {
        "model": "auth.permission",
        "pk": 88,
        "fields": {
            "name": "Can view Transaction",
            "content_type": 22,
            "codename": "view_transaction"
        }
    },
    {
        "model": "auth.permission",
        "pk": 89,
        "fields": {
            "name": "Can add HS to Product Map",
            "content_type": 23,
            "codename": "add_hstoproductmap"
        }
    },
    {
        "model": "auth.permission",
        "pk": 90,
        "fields": {
            "name": "Can change HS to Product Map",
            "content_type": 23,
            "codename": "change_hstoproductmap"
        }
    },
    {
        "model": "auth.permission",
        "pk": 91,
        "fields": {
            "name": "Can delete HS to Product Map",
            "content_type": 23,
            "codename": "delete_hstoproductmap"
        }
    },
    {
        "model": "auth.permission",
        "pk": 92,
        "fields": {
            "name": "Can view HS to Product Map",
            "content_type": 23,
            "codename": "view_hstoproductmap"
        }
    },
    {
        "model": "auth.permission",
        "pk": 93,
        "fields": {
            "name": "Can add Agg Product Month Country",
            "content_type": 24,
            "codename": "add_aggproductmonthcountry"
        }
    },
    {
        "model": "auth.permission",
        "pk": 94,
        "fields": {
            "name": "Can change Agg Product Month Country",
            "content_type": 24,
            "codename": "change_aggproductmonthcountry"
        }
    },
    {
        "model": "auth.permission",
        "pk": 95,
        "fields": {
            "name": "Can delete Agg Product Month Country",
            "content_type": 24,
            "codename": "delete_aggproductmonthcountry"
        }
    },
    {
        "model": "auth.permission",
        "pk": 96,
        "fields": {
            "name": "Can view Agg Product Month Country",
            "content_type": 24,
            "codename": "view_aggproductmonthcountry"
        }
    },
    {
        "model": "auth.permission",
        "pk": 97,
        "fields": {
            "name": "Can add Agg Company Month Product",
            "content_type": 25,
            "codename": "add_aggcompanymonthproduct"
        }
    },
    {
        "model": "auth.permission",
        "pk": 98,
        "fields": {
            "name": "Can change Agg Company Month Product",
            "content_type": 25,
            "codename": "change_aggcompanymonthproduct"
        }
    },
    {
        "model": "auth.permission",
        "pk": 99,
        "fields": {
            "name": "Can delete Agg Company Month Product",
            "content_type": 25,
            "codename": "delete_aggcompanymonthproduct"
        }
    },
    {
        "model": "auth.permission",
        "pk": 100,
        "fields": {
            "name": "Can view Agg Company Month Product",
            "content_type": 25,
            "codename": "view_aggcompanymonthproduct"
        }
    },
    {
        "model": "auth.permission",
        "pk": 101,
        "fields": {
            "name": "Can add Alert",
            "content_type": 26,
            "codename": "add_alert"
        }
    },
    {
        "model": "auth.permission",
        "pk": 102,
        "fields": {
            "name": "Can change Alert",
            "content_type": 26,
            "codename": "change_alert"
        }
    },
    {
        "model": "auth.permission",
        "pk": 103,
        "fields": {
            "name": "Can delete Alert",
            "content_type": 26,
            "codename": "delete_alert"
        }
    },
    {
        "model": "auth.permission",
        "pk": 104,
        "fields": {
            "name": "Can view Alert",
            "content_type": 26,
            "codename": "view_alert"
        }
    },
    {
        "model": "auth.permission",
        "pk": 105,
        "fields": {
            "name": "Can add News Article",
            "content_type": 27,
            "codename": "add_newsarticle"
        }
    },
    {
        "model": "auth.permission",
        "pk": 106,
        "fields": {
            "name": "Can change News Article",
            "content_type": 27,
            "codename": "change_newsarticle"
        }
    },
    {
        "model": "auth.permission",
        "pk": 107,
        "fields": {
            "name": "Can delete News Article",
            "content_type": 27,
            "codename": "delete_newsarticle"
        }
    },
    {
        "model": "auth.permission",
        "pk": 108,
        "fields": {
            "name": "Can view News Article",
            "content_type": 27,
            "codename": "view_newsarticle"
        }
    },
    {
        "model": "auth.permission",
        "pk": 109,
        "fields": {
            "name": "Can add Saved Analysis",
            "content_type": 28,
            "codename": "add_savedanalysis"
        }
    },
    {
        "model": "auth.permission",
        "pk": 110,
        "fields": {
            "name": "Can change Saved Analysis",
            "content_type": 28,
            "codename": "change_savedanalysis"
        }
    },
    {
        "model": "auth.permission",
        "pk": 111,
        "fields": {
            "name": "Can delete Saved Analysis",
            "content_type": 28,
            "codename": "delete_savedanalysis"
        }
    },
    {
        "model": "auth.permission",
        "pk": 112,
        "fields": {
            "name": "Can view Saved Analysis",
            "content_type": 28,
            "codename": "view_savedanalysis"
        }
    },
    {
        "model": "auth.permission",
        "pk": 113,
        "fields": {
            "name": "Can add Redeem Code",
            "content_type": 29,
            "codename": "add_redeemcode"
        }
    },
    {
        "model": "auth.permission",
        "pk": 114,
        "fields": {
            "name": "Can change Redeem Code",
            "content_type": 29,
            "codename": "change_redeemcode"
        }
    },
    {
        "model": "auth.permission",
        "pk": 115,
        "fields": {
            "name": "Can delete Redeem Code",
            "content_type": 29,
            "codename": "delete_redeemcode"
        }
    },
    {
        "model": "auth.permission",
        "pk": 116,
        "fields": {
            "name": "Can view Redeem Code",
            "content_type": 29,
            "codename": "view_redeemcode"
        }
    },
    {
        "model": "sessions.session",
        "pk": "yht77kp3echipodj5ay7obti27pvyh8w",
        "fields": {
            "session_data": ".eJxVjDsOwyAQBe9CHSFg-cgp0-cMaFnWwUkEkrGrKHdPLLmw2zcz7yMirkuJa-c5TllcBYjLcUtIL64byE-sjyap1WWektwUudMu7y3z-7a7p4OCvfzrgEpjQJ-AWWUwYDU5pTgZ0ol59OxAGweW0KoA1hN4sjz4IQQ3EorvD-INN7k:1vNoDy:QoM6sKNmpUFOx_y4yMW1E1MzcgkHH01Il4Db_0vAQO0",
            "expire_date": "2025-12-09T08:16:34.443Z"
        }
    },
    {
        "model": "accounts.user",
        "pk": 1,
        "fields": {
            "password": "pbkdf2_sha256$600000$jim8mpIhXNLPEe3gzpYVNo$5GlBKWPd3hMZIqak0NwodXbPBNxdX68fH5oJoS6jc6U=",
            "last_login": "2025-11-19T12:47:49.449Z",
            "is_superuser": false,
            "first_name": "Salman",
            "last_name": "Adnan",
            "is_staff": false,
            "is_active": true,
            "date_joined": "2025-11-19T12:39:33.183Z",
            "email": "salmanadnan0206@gmail.com",
            "username": null,
            "bio": "",
            "country": "Pakistan",
            "email_verified": true,
            "verification_token": "94a09c16-efac-4158-94a5-9250f98d9640",
            "token_created_at": "2025-11-19T12:39:43.144Z",
            "phone_number": null,
            "job_title": null,
            "token_balance": 0,
            "groups": [],
            "user_permissions": []
        }
    },
    {
        "model": "accounts.user",
        "pk": 2,
        "fields": {
            "password": "pbkdf2_sha256$600000$2LFrXoOWt1lc5vIOkDjl1C$A8mnpHDpYsLC5DHIukulWwOyHTsDxjiEMnAt6N5LSws=",
            "last_login": "2025-11-25T08:10:21.862Z",
            "is_superuser": false,
            "first_name": "It",
            "last_name": "Expert",
            "is_staff": false,
            "is_active": true,
            "date_joined": "2025-11-19T12:48:21.628Z",
            "email": "it.expert2210@gmail.com",
            "username": null,
            "bio": "",
            "country": "Pakistan",
            "email_verified": true,
            "verification_token": "2c1cb3d6-955a-45d9-bf73-162dbd0e8bab",
            "token_created_at": "2025-11-19T12:48:21.629Z",
            "phone_number": null,
            "job_title": null,
            "token_balance": 900000,
            "groups": [],
            "user_permissions": []
        }
    },
    {
        "model": "accounts.user",
        "pk": 3,
        "fields": {
            "password": "pbkdf2_sha256$600000$MhieCfJFeJVUYRVzkUnzMV$hKfjk9bRk8SuweQ8UV9uE0wnmDpo76tyuTOKk2QvPFw=",
            "last_login": "2025-11-25T08:12:18.021Z",
            "is_superuser": true,
            "first_name": "",
            "last_name": "",
            "is_staff": true,
            "is_active": true,
            "date_joined": "2025-11-24T16:19:45.689Z",
            "email": "admin@zarailink.com",
            "username": "admin",
            "bio": "",
            "country": null,
            "email_verified": false,
            "verification_token": "7661a07a-a5a3-4db8-b328-c9ab28773329",
            "token_created_at": "2025-11-24T16:19:45.689Z",
            "phone_number": null,
            "job_title": null,
            "token_balance": 26000,
            "groups": [],
            "user_permissions": []
        }
    },
    {
        "model": "subscriptions.subscriptionplan",
        "pk": 1,
        "fields": {
            "plan_name": "500 Credits",
            "price": "9.00",
            "currency": "PKR",
            "tokens_included": 500,
            "description": "Starter monthly plan - perfect for occasional use",
            "features": {
                "support": "Email support",
                "validity": "30 days",
                "contacts_unlock": "500 contacts per month"
            },
            "created_at": "2025-11-24T16:03:41.845Z",
            "updated_at": "2025-11-24T16:03:41.845Z"
        }
    },
    {
        "model": "subscriptions.subscriptionplan",
        "pk": 2,
        "fields": {
            "plan_name": "5K Credits",
            "price": "32.00",
            "currency": "PKR",
            "tokens_included": 5000,
            "description": "Standard monthly plan - best for growing businesses",
            "features": {
                "popular": true,
                "support": "Priority email support",
                "validity": "30 days",
                "contacts_unlock": "5,000 contacts per month"
            },
            "created_at": "2025-11-24T16:03:41.852Z",
            "updated_at": "2025-11-24T16:03:41.852Z"
        }
    },
    {
        "model": "subscriptions.subscriptionplan",
        "pk": 3,
        "fields": {
            "plan_name": "15K Credits",
            "price": "99.00",
            "currency": "PKR",
            "tokens_included": 15000,
            "description": "Ultimate monthly plan - for power users",
            "features": {
                "support": "Priority support + phone",
                "validity": "30 days",
                "contacts_unlock": "15,000 contacts per month",
                "advanced_analytics": true
            },
            "created_at": "2025-11-24T16:03:41.858Z",
            "updated_at": "2025-11-24T16:03:41.858Z"
        }
    },
    {
        "model": "subscriptions.subscriptionplan",
        "pk": 4,
        "fields": {
            "plan_name": "6000 Credits Annually",
            "price": "99.00",
            "currency": "PKR",
            "tokens_included": 6000,
            "description": "Starter annual plan - save with yearly billing",
            "features": {
                "save": "~10% vs monthly",
                "support": "Email support",
                "validity": "365 days",
                "contacts_unlock": "6,000 contacts per year"
            },
            "created_at": "2025-11-24T16:03:41.863Z",
            "updated_at": "2025-11-24T16:03:41.863Z"
        }
    },
    {
        "model": "subscriptions.subscriptionplan",
        "pk": 5,
        "fields": {
            "plan_name": "60K Credits Annually",
            "price": "350.00",
            "currency": "PKR",
            "tokens_included": 60000,
            "description": "Standard annual plan - maximum savings",
            "features": {
                "save": "~10% vs monthly",
                "popular": true,
                "support": "Priority email support",
                "validity": "365 days",
                "contacts_unlock": "60,000 contacts per year"
            },
            "created_at": "2025-11-24T16:03:41.868Z",
            "updated_at": "2025-11-24T16:03:41.868Z"
        }
    },
    {
        "model": "subscriptions.subscriptionplan",
        "pk": 6,
        "fields": {
            "plan_name": "900K Credits Annually",
            "price": "1090.00",
            "currency": "PKR",
            "tokens_included": 900000,
            "description": "Ultimate annual plan - best value",
            "features": {
                "save": "~10% vs monthly",
                "support": "Premium support + dedicated account manager",
                "validity": "365 days",
                "contacts_unlock": "900,000 contacts per year",
                "priority_access": true,
                "advanced_analytics": true
            },
            "created_at": "2025-11-24T16:03:41.872Z",
            "updated_at": "2025-11-24T16:03:41.872Z"
        }
    },
    {
        "model": "subscriptions.usersubscription",
        "pk": 1,
        "fields": {
            "user": 3,
            "plan": 2,
            "status": "active",
            "start_date": "2025-11-24",
            "end_date": "2025-12-24",
            "billing_cycle": "monthly",
            "created_at": "2025-11-24T16:48:23.123Z"
        }
    },
    {
        "model": "subscriptions.usersubscription",
        "pk": 2,
        "fields": {
            "user": 3,
            "plan": 4,
            "status": "active",
            "start_date": "2025-11-24",
            "end_date": "2026-11-24",
            "billing_cycle": "yearly",
            "created_at": "2025-11-24T16:53:03.811Z"
        }
    },
    {
        "model": "subscriptions.usersubscription",
        "pk": 3,
        "fields": {
            "user": 2,
            "plan": 6,
            "status": "active",
            "start_date": "2025-11-25",
            "end_date": "2026-11-25",
            "billing_cycle": "yearly",
            "created_at": "2025-11-25T02:23:34.537Z"
        }
    },
    {
        "model": "subscriptions.usersubscription",
        "pk": 4,
        "fields": {
            "user": 3,
            "plan": 3,
            "status": "active",
            "start_date": "2025-11-25",
            "end_date": "2025-12-25",
            "billing_cycle": "monthly",
            "created_at": "2025-11-25T08:13:45.849Z"
        }
    },
    {
        "model": "subscriptions.redeemcode",
        "pk": 1,
        "fields": {
            "code": "INIT-DUMMY-CODE",
            "plan": 1,
            "status": "active",
            "redeemed_by": null,
            "created_at": "2025-11-24T16:17:35.413Z",
            "redeemed_at": null,
            "expires_at": null
        }
    },
    {
        "model": "subscriptions.redeemcode",
        "pk": 2,
        "fields": {
            "code": "22RVYKZHYUS7",
            "plan": 1,
            "status": "active",
            "redeemed_by": null,
            "created_at": "2025-11-24T16:28:10.164Z",
            "redeemed_at": null,
            "expires_at": null
        }
    },
    {
        "model": "subscriptions.redeemcode",
        "pk": 3,
        "fields": {
            "code": "U39Q2P4TTDCV",
            "plan": 1,
            "status": "active",
            "redeemed_by": null,
            "created_at": "2025-11-24T16:28:10.188Z",
            "redeemed_at": null,
            "expires_at": null
        }
    },
    {
        "model": "subscriptions.redeemcode",
        "pk": 4,
        "fields": {
            "code": "5T5WY2FQHKLY",
            "plan": 1,
            "status": "active",
            "redeemed_by": null,
            "created_at": "2025-11-24T16:28:10.199Z",
            "redeemed_at": null,
            "expires_at": null
        }
    },
    {
        "model": "subscriptions.redeemcode",
        "pk": 5,
        "fields": {
            "code": "GFW4W4LCFHHR",
            "plan": 1,
            "status": "active",
            "redeemed_by": null,
            "created_at": "2025-11-24T16:28:10.208Z",
            "redeemed_at": null,
            "expires_at": null
        }
    },
    {
        "model": "subscriptions.redeemcode",
        "pk": 6,
        "fields": {
            "code": "K7U9FSBD8FK6",
            "plan": 1,
            "status": "active",
            "redeemed_by": null,
            "created_at": "2025-11-24T16:28:10.217Z",
            "redeemed_at": null,
            "expires_at": null
        }
    },
    {
        "model": "subscriptions.redeemcode",
        "pk": 7,
        "fields": {
            "code": "UELCGBWT5A6Q",
            "plan": 2,
            "status": "active",
            "redeemed_by": null,
            "created_at": "2025-11-24T16:31:46.229Z",
            "redeemed_at": null,
            "expires_at": null
        }
    },
    {
        "model": "subscriptions.redeemcode",
        "pk": 8,
        "fields": {
            "code": "G27TWJQHU27G",
            "plan": 2,
            "status": "redeemed",
            "redeemed_by": 3,
            "created_at": "2025-11-24T16:31:46.241Z",
            "redeemed_at": "2025-11-24T16:48:23.120Z",
            "expires_at": null
        }
    },
    {
        "model": "subscriptions.redeemcode",
        "pk": 9,
        "fields": {
            "code": "ZC6RN26WNCMU",
            "plan": 4,
            "status": "redeemed",
            "redeemed_by": 3,
            "created_at": "2025-11-24T16:33:30.146Z",
            "redeemed_at": "2025-11-24T16:53:03.808Z",
            "expires_at": null
        }
    },
    {
        "model": "subscriptions.redeemcode",
        "pk": 10,
        "fields": {
            "code": "X893JJUA9Q59",
            "plan": 4,
            "status": "active",
            "redeemed_by": null,
            "created_at": "2025-11-24T16:33:30.155Z",
            "redeemed_at": null,
            "expires_at": null
        }
    },
    {
        "model": "subscriptions.redeemcode",
        "pk": 11,
        "fields": {
            "code": "WJB9JDRNNARX",
            "plan": 4,
            "status": "active",
            "redeemed_by": null,
            "created_at": "2025-11-24T16:33:30.160Z",
            "redeemed_at": null,
            "expires_at": null
        }
    },
    {
        "model": "subscriptions.redeemcode",
        "pk": 12,
        "fields": {
            "code": "5EV29U4KFDU3",
            "plan": 4,
            "status": "active",
            "redeemed_by": null,
            "created_at": "2025-11-24T16:33:30.165Z",
            "redeemed_at": null,
            "expires_at": null
        }
    },
    {
        "model": "subscriptions.redeemcode",
        "pk": 13,
        "fields": {
            "code": "MH47ZW4AH6JJ",
            "plan": 4,
            "status": "active",
            "redeemed_by": null,
            "created_at": "2025-11-24T16:33:30.169Z",
            "redeemed_at": null,
            "expires_at": null
        }
    },
    {
        "model": "subscriptions.redeemcode",
        "pk": 14,
        "fields": {
            "code": "PMXWVCZA4E3Z",
            "plan": 4,
            "status": "active",
            "redeemed_by": null,
            "created_at": "2025-11-24T16:33:30.175Z",
            "redeemed_at": null,
            "expires_at": null
        }
    },
    {
        "model": "subscriptions.redeemcode",
        "pk": 15,
        "fields": {
            "code": "CEPDTDDE2HT3",
            "plan": 4,
            "status": "active",
            "redeemed_by": null,
            "created_at": "2025-11-24T16:33:30.180Z",
            "redeemed_at": null,
            "expires_at": null
        }
    },
    {
        "model": "subscriptions.redeemcode",
        "pk": 16,
        "fields": {
            "code": "ZX5CGDNPGEEP",
            "plan": 4,
            "status": "active",
            "redeemed_by": null,
            "created_at": "2025-11-24T16:33:30.185Z",
            "redeemed_at": null,
            "expires_at": null
        }
    },
    {
        "model": "subscriptions.redeemcode",
        "pk": 17,
        "fields": {
            "code": "XAVGAUR4H4YN",
            "plan": 4,
            "status": "active",
            "redeemed_by": null,
            "created_at": "2025-11-24T16:33:30.195Z",
            "redeemed_at": null,
            "expires_at": null
        }
    },
    {
        "model": "subscriptions.redeemcode",
        "pk": 18,
        "fields": {
            "code": "BCSSYYJDMSSX",
            "plan": 4,
            "status": "active",
            "redeemed_by": null,
            "created_at": "2025-11-24T16:33:30.201Z",
            "redeemed_at": null,
            "expires_at": null
        }
    },
    {
        "model": "subscriptions.redeemcode",
        "pk": 19,
        "fields": {
            "code": "SQ9TUTV6F4HA",
            "plan": 6,
            "status": "active",
            "redeemed_by": null,
            "created_at": "2025-11-25T02:23:00.559Z",
            "redeemed_at": null,
            "expires_at": null
        }
    },
    {
        "model": "subscriptions.redeemcode",
        "pk": 20,
        "fields": {
            "code": "PQAR92377KLQ",
            "plan": 6,
            "status": "active",
            "redeemed_by": null,
            "created_at": "2025-11-25T02:23:00.573Z",
            "redeemed_at": null,
            "expires_at": null
        }
    },
    {
        "model": "subscriptions.redeemcode",
        "pk": 21,
        "fields": {
            "code": "B9CZDYK43RH5",
            "plan": 6,
            "status": "active",
            "redeemed_by": null,
            "created_at": "2025-11-25T02:23:00.583Z",
            "redeemed_at": null,
            "expires_at": null
        }
    },
    {
        "model": "subscriptions.redeemcode",
        "pk": 22,
        "fields": {
            "code": "ZMUGA5A73Z5K",
            "plan": 6,
            "status": "active",
            "redeemed_by": null,
            "created_at": "2025-11-25T02:23:00.592Z",
            "redeemed_at": null,
            "expires_at": null
        }
    },
    {
        "model": "subscriptions.redeemcode",
        "pk": 23,
        "fields": {
            "code": "T4PZQMNC2B4C",
            "plan": 6,
            "status": "active",
            "redeemed_by": null,
            "created_at": "2025-11-25T02:23:00.602Z",
            "redeemed_at": null,
            "expires_at": null
        }
    },
    {
        "model": "subscriptions.redeemcode",
        "pk": 24,
        "fields": {
            "code": "8N3BBTTKRQYC",
            "plan": 6,
            "status": "active",
            "redeemed_by": null,
            "created_at": "2025-11-25T02:23:00.613Z",
            "redeemed_at": null,
            "expires_at": null
        }
    },
    {
        "model": "subscriptions.redeemcode",
        "pk": 25,
        "fields": {
            "code": "MK8XXW89WMM5",
            "plan": 6,
            "status": "active",
            "redeemed_by": null,
            "created_at": "2025-11-25T02:23:00.622Z",
            "redeemed_at": null,
            "expires_at": null
        }
    },
    {
        "model": "subscriptions.redeemcode",
        "pk": 26,
        "fields": {
            "code": "9G5BE894SKK6",
            "plan": 6,
            "status": "active",
            "redeemed_by": null,
            "created_at": "2025-11-25T02:23:00.633Z",
            "redeemed_at": null,
            "expires_at": null
        }
    },
    {
        "model": "subscriptions.redeemcode",
        "pk": 27,
        "fields": {
            "code": "VPVQWAXRFWW3",
            "plan": 6,
            "status": "active",
            "redeemed_by": null,
            "created_at": "2025-11-25T02:23:00.642Z",
            "redeemed_at": null,
            "expires_at": null
        }
    },
    {
        "model": "subscriptions.redeemcode",
        "pk": 28,
        "fields": {
            "code": "ETUAHZYBXFBX",
            "plan": 6,
            "status": "redeemed",
            "redeemed_by": 2,
            "created_at": "2025-11-25T02:23:00.653Z",
            "redeemed_at": "2025-11-25T02:23:34.530Z",
            "expires_at": null
        }
    },
    {
        "model": "subscriptions.redeemcode",
        "pk": 29,
        "fields": {
            "code": "UQAEPQYZCWA9",
            "plan": 3,
            "status": "active",
            "redeemed_by": null,
            "created_at": "2025-11-25T08:13:15.763Z",
            "redeemed_at": null,
            "expires_at": null
        }
    },
    {
        "model": "subscriptions.redeemcode",
        "pk": 30,
        "fields": {
            "code": "EGHKTEXP9V6K",
            "plan": 3,
            "status": "active",
            "redeemed_by": null,
            "created_at": "2025-11-25T08:13:15.771Z",
            "redeemed_at": null,
            "expires_at": null
        }
    },
    {
        "model": "subscriptions.redeemcode",
        "pk": 31,
        "fields": {
            "code": "32ZM78NHUSJ7",
            "plan": 3,
            "status": "active",
            "redeemed_by": null,
            "created_at": "2025-11-25T08:13:15.776Z",
            "redeemed_at": null,
            "expires_at": null
        }
    },
    {
        "model": "subscriptions.redeemcode",
        "pk": 32,
        "fields": {
            "code": "M9ZM23WJ33GD",
            "plan": 3,
            "status": "active",
            "redeemed_by": null,
            "created_at": "2025-11-25T08:13:15.781Z",
            "redeemed_at": null,
            "expires_at": null
        }
    },
    {
        "model": "subscriptions.redeemcode",
        "pk": 33,
        "fields": {
            "code": "NXUK76KVL8L6",
            "plan": 3,
            "status": "active",
            "redeemed_by": null,
            "created_at": "2025-11-25T08:13:15.786Z",
            "redeemed_at": null,
            "expires_at": null
        }
    },
    {
        "model": "subscriptions.redeemcode",
        "pk": 34,
        "fields": {
            "code": "3QTSSQXQP95Z",
            "plan": 3,
            "status": "active",
            "redeemed_by": null,
            "created_at": "2025-11-25T08:13:15.791Z",
            "redeemed_at": null,
            "expires_at": null
        }
    },
    {
        "model": "subscriptions.redeemcode",
        "pk": 35,
        "fields": {
            "code": "29W73X63JKKW",
            "plan": 3,
            "status": "active",
            "redeemed_by": null,
            "created_at": "2025-11-25T08:13:15.796Z",
            "redeemed_at": null,
            "expires_at": null
        }
    },
    {
        "model": "subscriptions.redeemcode",
        "pk": 36,
        "fields": {
            "code": "66NY4XFD3ZJR",
            "plan": 3,
            "status": "active",
            "redeemed_by": null,
            "created_at": "2025-11-25T08:13:15.801Z",
            "redeemed_at": null,
            "expires_at": null
        }
    },
    {
        "model": "subscriptions.redeemcode",
        "pk": 37,
        "fields": {
            "code": "2TE7FDZ66H8J",
            "plan": 3,
            "status": "active",
            "redeemed_by": null,
            "created_at": "2025-11-25T08:13:15.806Z",
            "redeemed_at": null,
            "expires_at": null
        }
    },
    {
        "model": "subscriptions.redeemcode",
        "pk": 38,
        "fields": {
            "code": "HLZEXH2N462P",
            "plan": 3,
            "status": "redeemed",
            "redeemed_by": 3,
            "created_at": "2025-11-25T08:13:15.811Z",
            "redeemed_at": "2025-11-25T08:13:45.847Z",
            "expires_at": null
        }
    },
    {
        "model": "subscriptions.redeemcode",
        "pk": 39,
        "fields": {
            "code": "ZWVF7D2CSY4Q",
            "plan": 1,
            "status": "active",
            "redeemed_by": null,
            "created_at": "2025-11-25T09:20:50.613Z",
            "redeemed_at": null,
            "expires_at": null
        }
    },
    {
        "model": "subscriptions.redeemcode",
        "pk": 40,
        "fields": {
            "code": "RTTP49TKZ95H",
            "plan": 1,
            "status": "active",
            "redeemed_by": null,
            "created_at": "2025-11-25T09:20:50.622Z",
            "redeemed_at": null,
            "expires_at": null
        }
    },
    {
        "model": "subscriptions.redeemcode",
        "pk": 41,
        "fields": {
            "code": "HBLDDF7NXPYM",
            "plan": 1,
            "status": "active",
            "redeemed_by": null,
            "created_at": "2025-11-25T09:20:50.627Z",
            "redeemed_at": null,
            "expires_at": null
        }
    },
    {
        "model": "subscriptions.redeemcode",
        "pk": 42,
        "fields": {
            "code": "AMW2BGMYHWKC",
            "plan": 1,
            "status": "active",
            "redeemed_by": null,
            "created_at": "2025-11-25T09:20:50.631Z",
            "redeemed_at": null,
            "expires_at": null
        }
    },
    {
        "model": "subscriptions.redeemcode",
        "pk": 43,
        "fields": {
            "code": "VPXG3YH484R7",
            "plan": 1,
            "status": "active",
            "redeemed_by": null,
            "created_at": "2025-11-25T09:20:50.637Z",
            "redeemed_at": null,
            "expires_at": null
        }
    },
    {
        "model": "subscriptions.redeemcode",
        "pk": 44,
        "fields": {
            "code": "YNTL3RGX7BK2",
            "plan": 1,
            "status": "active",
            "redeemed_by": null,
            "created_at": "2025-11-25T09:20:50.642Z",
            "redeemed_at": null,
            "expires_at": null
        }
    },
    {
        "model": "subscriptions.redeemcode",
        "pk": 45,
        "fields": {
            "code": "WCZD2GFJG5AX",
            "plan": 1,
            "status": "active",
            "redeemed_by": null,
            "created_at": "2025-11-25T09:20:50.646Z",
            "redeemed_at": null,
            "expires_at": null
        }
    },
    {
        "model": "subscriptions.redeemcode",
        "pk": 46,
        "fields": {
            "code": "ZB74CC8RN387",
            "plan": 1,
            "status": "active",
            "redeemed_by": null,
            "created_at": "2025-11-25T09:20:50.651Z",
            "redeemed_at": null,
            "expires_at": null
        }
    },
    {
        "model": "subscriptions.redeemcode",
        "pk": 47,
        "fields": {
            "code": "WMD7XDHTY9S5",
            "plan": 1,
            "status": "active",
            "redeemed_by": null,
            "created_at": "2025-11-25T09:20:50.657Z",
            "redeemed_at": null,
            "expires_at": null
        }
    },
    {
        "model": "subscriptions.redeemcode",
        "pk": 48,
        "fields": {
            "code": "SUCEHD36VZ8P",
            "plan": 1,
            "status": "active",
            "redeemed_by": null,
            "created_at": "2025-11-25T09:20:50.661Z",
            "redeemed_at": null,
            "expires_at": null
        }
    },
    {
        "model": "subscriptions.redeemcode",
        "pk": 49,
        "fields": {
            "code": "6MRAEGE723DC",
            "plan": 4,
            "status": "active",
            "redeemed_by": null,
            "created_at": "2025-11-25T09:21:05.566Z",
            "redeemed_at": null,
            "expires_at": null
        }
    },
    {
        "model": "subscriptions.redeemcode",
        "pk": 50,
        "fields": {
            "code": "2SK72RD8XRXS",
            "plan": 4,
            "status": "active",
            "redeemed_by": null,
            "created_at": "2025-11-25T09:21:05.576Z",
            "redeemed_at": null,
            "expires_at": null
        }
    },
    {
        "model": "subscriptions.redeemcode",
        "pk": 51,
        "fields": {
            "code": "SRK32D732FH8",
            "plan": 4,
            "status": "active",
            "redeemed_by": null,
            "created_at": "2025-11-25T09:21:05.581Z",
            "redeemed_at": null,
            "expires_at": null
        }
    },
    {
        "model": "subscriptions.redeemcode",
        "pk": 52,
        "fields": {
            "code": "769Z3NADTTA9",
            "plan": 4,
            "status": "active",
            "redeemed_by": null,
            "created_at": "2025-11-25T09:21:05.586Z",
            "redeemed_at": null,
            "expires_at": null
        }
    },
    {
        "model": "subscriptions.redeemcode",
        "pk": 53,
        "fields": {
            "code": "3HR8LX366DUH",
            "plan": 4,
            "status": "active",
            "redeemed_by": null,
            "created_at": "2025-11-25T09:21:05.591Z",
            "redeemed_at": null,
            "expires_at": null
        }
    },
    {
        "model": "subscriptions.redeemcode",
        "pk": 54,
        "fields": {
            "code": "TKZ3KZMGTHEV",
            "plan": 4,
            "status": "active",
            "redeemed_by": null,
            "created_at": "2025-11-25T09:21:05.596Z",
            "redeemed_at": null,
            "expires_at": null
        }
    },
    {
        "model": "subscriptions.redeemcode",
        "pk": 55,
        "fields": {
            "code": "N8WXP7YZCJNZ",
            "plan": 4,
            "status": "active",
            "redeemed_by": null,
            "created_at": "2025-11-25T09:21:05.601Z",
            "redeemed_at": null,
            "expires_at": null
        }
    },
    {
        "model": "subscriptions.redeemcode",
        "pk": 56,
        "fields": {
            "code": "EJQC4NCN77VQ",
            "plan": 4,
            "status": "active",
            "redeemed_by": null,
            "created_at": "2025-11-25T09:21:05.606Z",
            "redeemed_at": null,
            "expires_at": null
        }
    },
    {
        "model": "subscriptions.redeemcode",
        "pk": 57,
        "fields": {
            "code": "VEDBM9GC736Y",
            "plan": 4,
            "status": "active",
            "redeemed_by": null,
            "created_at": "2025-11-25T09:21:05.611Z",
            "redeemed_at": null,
            "expires_at": null
        }
    },
    {
        "model": "subscriptions.redeemcode",
        "pk": 58,
        "fields": {
            "code": "LUGFFYR93HRC",
            "plan": 4,
            "status": "active",
            "redeemed_by": null,
            "created_at": "2025-11-25T09:21:05.616Z",
            "redeemed_at": null,
            "expires_at": null
        }
    },
    {
        "model": "companies.companyrole",
        "pk": 1,
        "fields": {
            "name": "Buyer",
            "description": ""
        }
    },
    {
        "model": "companies.companyrole",
        "pk": 2,
        "fields": {
            "name": "Supplier",
            "description": ""
        }
    },
    {
        "model": "companies.companyrole",
        "pk": 3,
        "fields": {
            "name": "Distributor",
            "description": ""
        }
    },
    {
        "model": "companies.companyrole",
        "pk": 4,
        "fields": {
            "name": "Manufacturer",
            "description": ""
        }
    },
    {
        "model": "companies.companyrole",
        "pk": 5,
        "fields": {
            "name": "Service Provider",
            "description": ""
        }
    }
]