[{"model": "admin.logentry", "pk": 1, "fields": {"action_time": "2025-12-03T06:52:38.596Z", "user": 3, "content_type": 6, "object_id": "2", "object_repr": "It Expert", "action_flag": 2, "change_message": "[{\"changed\": {\"fields\": [\"Staff status\", \"Superuser status\"]}}]"}}, {"model": "admin.logentry", "pk": 2, "fields": {"action_time": "2025-12-03T06:59:53.416Z", "user": 3, "content_type": 6, "object_id": "4", "object_repr": "Test User", "action_flag": 2, "change_message": "[{\"changed\": {\"fields\": [\"Email Verified\"]}}]"}}, {"model": "admin.logentry", "pk": 3, "fields": {"action_time": "2025-12-03T06:59:56.918Z", "user": 3, "content_type": 6, "object_id": "3", "object_repr": "admin@zarailink.com", "action_flag": 2, "change_message": "[{\"changed\": {\"fields\": [\"Email Verified\"]}}]"}}, {"model": "auth.permission", "pk": 1, "fields": {"name": "Can add log entry", "content_type": 1, "codename": "add_logentry"}}, {"model": "auth.permission", "pk": 2, "fields": {"name": "Can change log entry", "content_type": 1, "codename": "change_logentry"}}, {"model": "auth.permission", "pk": 3, "fields": {"name": "Can delete log entry", "content_type": 1, "codename": "delete_logentry"}}, {"model": "auth.permission", "pk": 4, "fields": {"name": "Can view log entry", "content_type": 1, "codename": "view_logentry"}}, {"model": "auth.permission", "pk": 5, "fields": {"name": "Can add permission", "content_type": 2, "codename": "add_permission"}}, {"model": "auth.permission", "pk": 6, "fields": {"name": "Can change permission", "content_type": 2, "codename": "change_permission"}}, {"model": "auth.permission", "pk": 7, "fields": {"name": "Can delete permission", "content_type": 2, "codename": "delete_permission"}}, {"model": "auth.permission", "pk": 8, "fields": {"name": "Can view permission", "content_type": 2, "codename": "view_permission"}}, {"model": "auth.permission", "pk": 9, "fields": {"name": "Can add group", "content_type": 3, "codename": "add_group"}}, {"model": "auth.permission", "pk": 10, "fields": {"name": "Can change group", "content_type": 3, "codename": "change_group"}}, {"model": "auth.permission", "pk": 11, "fields": {"name": "Can delete group", "content_type": 3, "codename": "delete_group"}}, {"model": "auth.permission", "pk": 12, "fields": {"name": "Can view group", "content_type": 3, "codename": "view_group"}}, {"model": "auth.permission", "pk": 13, "fields": {"name": "Can add content type", "content_type": 4, "codename": "add_contenttype"}}, {"model": "auth.permission", "pk": 14, "fields": {"name": "Can change content type", "content_type": 4, "codename": "change_contenttype"}}, {"model": "auth.permission", "pk": 15, "fields": {"name": "Can delete content type", "content_type": 4, "codename": "delete_contenttype"}}, {"model": "auth.permission", "pk": 16, "fields": {"name": "Can view content type", "content_type": 4, "codename": "view_contenttype"}}, {"model": "auth.permission", "pk": 17, "fields": {"name": "Can add session", "content_type": 5, "codename": "add_session"}}, {"model": "auth.permission", "pk": 18, "fields": {"name": "Can change session", "content_type": 5, "codename": "change_session"}}, {"model": "auth.permission", "pk": 19, "fields": {"name": "Can delete session", "content_type": 5, "codename": "delete_session"}}, {"model": "auth.permission", "pk": 20, "fields": {"name": "Can view session", "content_type": 5, "codename": "view_session"}}, {"model": "auth.permission", "pk": 21, "fields": {"name": "Can add User", "content_type": 6, "codename": "add_user"}}, {"model": "auth.permission", "pk": 22, "fields": {"name": "Can change User", "content_type": 6, "codename": "change_user"}}, {"model": "auth.permission", "pk": 23, "fields": {"name": "Can delete User", "content_type": 6, "codename": "delete_user"}}, {"model": "auth.permission", "pk": 24, "fields": {"name": "Can view User", "content_type": 6, "codename": "view_user"}}, {"model": "auth.permission", "pk": 25, "fields": {"name": "Can add User Alert Preference", "content_type": 7, "codename": "add_useralertpreference"}}, {"model": "auth.permission", "pk": 26, "fields": {"name": "Can change User Alert Preference", "content_type": 7, "codename": "change_useralertpreference"}}, {"model": "auth.permission", "pk": 27, "fields": {"name": "Can delete User Alert Preference", "content_type": 7, "codename": "delete_useralertpreference"}}, {"model": "auth.permission", "pk": 28, "fields": {"name": "Can view User Alert Preference", "content_type": 7, "codename": "view_useralertpreference"}}, {"model": "auth.permission", "pk": 29, "fields": {"name": "Can add Subscription Plan", "content_type": 8, "codename": "add_subscriptionplan"}}, {"model": "auth.permission", "pk": 30, "fields": {"name": "Can change Subscription Plan", "content_type": 8, "codename": "change_subscriptionplan"}}, {"model": "auth.permission", "pk": 31, "fields": {"name": "Can delete Subscription Plan", "content_type": 8, "codename": "delete_subscriptionplan"}}, {"model": "auth.permission", "pk": 32, "fields": {"name": "Can view Subscription Plan", "content_type": 8, "codename": "view_subscriptionplan"}}, {"model": "auth.permission", "pk": 33, "fields": {"name": "Can add User Subscription", "content_type": 9, "codename": "add_usersubscription"}}, {"model": "auth.permission", "pk": 34, "fields": {"name": "Can change User Subscription", "content_type": 9, "codename": "change_usersubscription"}}, {"model": "auth.permission", "pk": 35, "fields": {"name": "Can delete User Subscription", "content_type": 9, "codename": "delete_usersubscription"}}, {"model": "auth.permission", "pk": 36, "fields": {"name": "Can view User Subscription", "content_type": 9, "codename": "view_usersubscription"}}, {"model": "auth.permission", "pk": 37, "fields": {"name": "Can add Token Purchase", "content_type": 10, "codename": "add_tokenpurchase"}}, {"model": "auth.permission", "pk": 38, "fields": {"name": "Can change Token Purchase", "content_type": 10, "codename": "change_tokenpurchase"}}, {"model": "auth.permission", "pk": 39, "fields": {"name": "Can delete Token Purchase", "content_type": 10, "codename": "delete_tokenpurchase"}}, {"model": "auth.permission", "pk": 40, "fields": {"name": "Can view Token Purchase", "content_type": 10, "codename": "view_tokenpurchase"}}, {"model": "auth.permission", "pk": 41, "fields": {"name": "Can add Admin Announcement", "content_type": 11, "codename": "add_adminannouncement"}}, {"model": "auth.permission", "pk": 42, "fields": {"name": "Can change Admin Announcement", "content_type": 11, "codename": "change_adminannouncement"}}, {"model": "auth.permission", "pk": 43, "fields": {"name": "Can delete Admin Announcement", "content_type": 11, "codename": "delete_adminannouncement"}}, {"model": "auth.permission", "pk": 44, "fields": {"name": "Can view Admin Announcement", "content_type": 11, "codename": "view_adminannouncement"}}, {"model": "auth.permission", "pk": 45, "fields": {"name": "Can add Company", "content_type": 12, "codename": "add_company"}}, {"model": "auth.permission", "pk": 46, "fields": {"name": "Can change Company", "content_type": 12, "codename": "change_company"}}, {"model": "auth.permission", "pk": 47, "fields": {"name": "Can delete Company", "content_type": 12, "codename": "delete_company"}}, {"model": "auth.permission", "pk": 48, "fields": {"name": "Can view Company", "content_type": 12, "codename": "view_company"}}, {"model": "auth.permission", "pk": 49, "fields": {"name": "Can add Company Role", "content_type": 13, "codename": "add_companyrole"}}, {"model": "auth.permission", "pk": 50, "fields": {"name": "Can change Company Role", "content_type": 13, "codename": "change_companyrole"}}, {"model": "auth.permission", "pk": 51, "fields": {"name": "Can delete Company Role", "content_type": 13, "codename": "delete_companyrole"}}, {"model": "auth.permission", "pk": 52, "fields": {"name": "Can view Company Role", "content_type": 13, "codename": "view_companyrole"}}, {"model": "auth.permission", "pk": 53, "fields": {"name": "Can add Company Type", "content_type": 14, "codename": "add_companytype"}}, {"model": "auth.permission", "pk": 54, "fields": {"name": "Can change Company Type", "content_type": 14, "codename": "change_companytype"}}, {"model": "auth.permission", "pk": 55, "fields": {"name": "Can delete Company Type", "content_type": 14, "codename": "delete_companytype"}}, {"model": "auth.permission", "pk": 56, "fields": {"name": "Can view Company Type", "content_type": 14, "codename": "view_companytype"}}, {"model": "auth.permission", "pk": 57, "fields": {"name": "Can add Ingestion Log", "content_type": 15, "codename": "add_ingestionlog"}}, {"model": "auth.permission", "pk": 58, "fields": {"name": "Can change Ingestion Log", "content_type": 15, "codename": "change_ingestionlog"}}, {"model": "auth.permission", "pk": 59, "fields": {"name": "Can delete Ingestion Log", "content_type": 15, "codename": "delete_ingestionlog"}}, {"model": "auth.permission", "pk": 60, "fields": {"name": "Can view Ingestion Log", "content_type": 15, "codename": "view_ingestionlog"}}, {"model": "auth.permission", "pk": 61, "fields": {"name": "Can add Key Contact", "content_type": 16, "codename": "add_keycontact"}}, {"model": "auth.permission", "pk": 62, "fields": {"name": "Can change Key Contact", "content_type": 16, "codename": "change_keycontact"}}, {"model": "auth.permission", "pk": 63, "fields": {"name": "Can delete Key Contact", "content_type": 16, "codename": "delete_keycontact"}}, {"model": "auth.permission", "pk": 64, "fields": {"name": "Can view Key Contact", "content_type": 16, "codename": "view_keycontact"}}, {"model": "auth.permission", "pk": 65, "fields": {"name": "Can add Sector", "content_type": 17, "codename": "add_sector"}}, {"model": "auth.permission", "pk": 66, "fields": {"name": "Can change Sector", "content_type": 17, "codename": "change_sector"}}, {"model": "auth.permission", "pk": 67, "fields": {"name": "Can delete Sector", "content_type": 17, "codename": "delete_sector"}}, {"model": "auth.permission", "pk": 68, "fields": {"name": "Can view Sector", "content_type": 17, "codename": "view_sector"}}, {"model": "auth.permission", "pk": 69, "fields": {"name": "Can add Image", "content_type": 18, "codename": "add_image"}}, {"model": "auth.permission", "pk": 70, "fields": {"name": "Can change Image", "content_type": 18, "codename": "change_image"}}, {"model": "auth.permission", "pk": 71, "fields": {"name": "Can delete Image", "content_type": 18, "codename": "delete_image"}}, {"model": "auth.permission", "pk": 72, "fields": {"name": "Can view Image", "content_type": 18, "codename": "view_image"}}, {"model": "auth.permission", "pk": 73, "fields": {"name": "Can add Company Product", "content_type": 19, "codename": "add_companyproduct"}}, {"model": "auth.permission", "pk": 74, "fields": {"name": "Can change Company Product", "content_type": 19, "codename": "change_companyproduct"}}, {"model": "auth.permission", "pk": 75, "fields": {"name": "Can delete Company Product", "content_type": 19, "codename": "delete_companyproduct"}}, {"model": "auth.permission", "pk": 76, "fields": {"name": "Can view Company Product", "content_type": 19, "codename": "view_companyproduct"}}, {"model": "auth.permission", "pk": 77, "fields": {"name": "Can add Company Metrics Cache", "content_type": 20, "codename": "add_companymetricscache"}}, {"model": "auth.permission", "pk": 78, "fields": {"name": "Can change Company Metrics Cache", "content_type": 20, "codename": "change_companymetricscache"}}, {"model": "auth.permission", "pk": 79, "fields": {"name": "Can delete Company Metrics Cache", "content_type": 20, "codename": "delete_companymetricscache"}}, {"model": "auth.permission", "pk": 80, "fields": {"name": "Can view Company Metrics Cache", "content_type": 20, "codename": "view_companymetricscache"}}, {"model": "auth.permission", "pk": 81, "fields": {"name": "Can add Key Contact Unlock", "content_type": 21, "codename": "add_keycontactunlock"}}, {"model": "auth.permission", "pk": 82, "fields": {"name": "Can change Key Contact Unlock", "content_type": 21, "codename": "change_keycontactunlock"}}, {"model": "auth.permission", "pk": 83, "fields": {"name": "Can delete Key Contact Unlock", "content_type": 21, "codename": "delete_keycontactunlock"}}, {"model": "auth.permission", "pk": 84, "fields": {"name": "Can view Key Contact Unlock", "content_type": 21, "codename": "view_keycontactunlock"}}, {"model": "auth.permission", "pk": 85, "fields": {"name": "Can add Transaction", "content_type": 22, "codename": "add_transaction"}}, {"model": "auth.permission", "pk": 86, "fields": {"name": "Can change Transaction", "content_type": 22, "codename": "change_transaction"}}, {"model": "auth.permission", "pk": 87, "fields": {"name": "Can delete Transaction", "content_type": 22, "codename": "delete_transaction"}}, {"model": "auth.permission", "pk": 88, "fields": {"name": "Can view Transaction", "content_type": 22, "codename": "view_transaction"}}, {"model": "auth.permission", "pk": 89, "fields": {"name": "Can add HS to Product Map", "content_type": 23, "codename": "add_hstoproductmap"}}, {"model": "auth.permission", "pk": 90, "fields": {"name": "Can change HS to Product Map", "content_type": 23, "codename": "change_hstoproductmap"}}, {"model": "auth.permission", "pk": 91, "fields": {"name": "Can delete HS to Product Map", "content_type": 23, "codename": "delete_hstoproductmap"}}, {"model": "auth.permission", "pk": 92, "fields": {"name": "Can view HS to Product Map", "content_type": 23, "codename": "view_hstoproductmap"}}, {"model": "auth.permission", "pk": 93, "fields": {"name": "Can add Agg Product Month Country", "content_type": 24, "codename": "add_aggproductmonthcountry"}}, {"model": "auth.permission", "pk": 94, "fields": {"name": "Can change Agg Product Month Country", "content_type": 24, "codename": "change_aggproductmonthcountry"}}, {"model": "auth.permission", "pk": 95, "fields": {"name": "Can delete Agg Product Month Country", "content_type": 24, "codename": "delete_aggproductmonthcountry"}}, {"model": "auth.permission", "pk": 96, "fields": {"name": "Can view Agg Product Month Country", "content_type": 24, "codename": "view_aggproductmonthcountry"}}, {"model": "auth.permission", "pk": 97, "fields": {"name": "Can add Agg Company Month Product", "content_type": 25, "codename": "add_aggcompanymonthproduct"}}, {"model": "auth.permission", "pk": 98, "fields": {"name": "Can change Agg Company Month Product", "content_type": 25, "codename": "change_aggcompanymonthproduct"}}, {"model": "auth.permission", "pk": 99, "fields": {"name": "Can delete Agg Company Month Product", "content_type": 25, "codename": "delete_aggcompanymonthproduct"}}, {"model": "auth.permission", "pk": 100, "fields": {"name": "Can view Agg Company Month Product", "content_type": 25, "codename": "view_aggcompanymonthproduct"}}, {"model": "auth.permission", "pk": 101, "fields": {"name": "Can add Alert", "content_type": 26, "codename": "add_alert"}}, {"model": "auth.permission", "pk": 102, "fields": {"name": "Can change Alert", "content_type": 26, "codename": "change_alert"}}, {"model": "auth.permission", "pk": 103, "fields": {"name": "Can delete Alert", "content_type": 26, "codename": "delete_alert"}}, {"model": "auth.permission", "pk": 104, "fields": {"name": "Can view Alert", "content_type": 26, "codename": "view_alert"}}, {"model": "auth.permission", "pk": 105, "fields": {"name": "Can add News Article", "content_type": 27, "codename": "add_newsarticle"}}, {"model": "auth.permission", "pk": 106, "fields": {"name": "Can change News Article", "content_type": 27, "codename": "change_newsarticle"}}, {"model": "auth.permission", "pk": 107, "fields": {"name": "Can delete News Article", "content_type": 27, "codename": "delete_newsarticle"}}, {"model": "auth.permission", "pk": 108, "fields": {"name": "Can view News Article", "content_type": 27, "codename": "view_newsarticle"}}, {"model": "auth.permission", "pk": 109, "fields": {"name": "Can add Saved Analysis", "content_type": 28, "codename": "add_savedanalysis"}}, {"model": "auth.permission", "pk": 110, "fields": {"name": "Can change Saved Analysis", "content_type": 28, "codename": "change_savedanalysis"}}, {"model": "auth.permission", "pk": 111, "fields": {"name": "Can delete Saved Analysis", "content_type": 28, "codename": "delete_savedanalysis"}}, {"model": "auth.permission", "pk": 112, "fields": {"name": "Can view Saved Analysis", "content_type": 28, "codename": "view_savedanalysis"}}, {"model": "auth.permission", "pk": 113, "fields": {"name": "Can add Redeem Code", "content_type": 29, "codename": "add_redeemcode"}}, {"model": "auth.permission", "pk": 114, "fields": {"name": "Can change Redeem Code", "content_type": 29, "codename": "change_redeemcode"}}, {"model": "auth.permission", "pk": 115, "fields": {"name": "Can delete Redeem Code", "content_type": 29, "codename": "delete_redeemcode"}}, {"model": "auth.permission", "pk": 116, "fields": {"name": "Can view Redeem Code", "content_type": 29, "codename": "view_redeemcode"}}, {"model": "auth.permission", "pk": 117, "fields": {"name": "Can add Product Category", "content_type": 30, "codename": "add_productcategory"}}, {"model": "auth.permission", "pk": 118, "fields": {"name": "Can change Product Category", "content_type": 30, "codename": "change_productcategory"}}, {"model": "auth.permission", "pk": 119, "fields": {"name": "Can delete Product Category", "content_type": 30, "codename": "delete_productcategory"}}, {"model": "auth.permission", "pk": 120, "fields": {"name": "Can view Product Category", "content_type": 30, "codename": "view_productcategory"}}, {"model": "auth.permission", "pk": 121, "fields": {"name": "Can add Trade Company", "content_type": 31, "codename": "add_tradecompany"}}, {"model": "auth.permission", "pk": 122, "fields": {"name": "Can change Trade Company", "content_type": 31, "codename": "change_tradecompany"}}, {"model": "auth.permission", "pk": 123, "fields": {"name": "Can delete Trade Company", "content_type": 31, "codename": "delete_tradecompany"}}, {"model": "auth.permission", "pk": 124, "fields": {"name": "Can view Trade Company", "content_type": 31, "codename": "view_tradecompany"}}, {"model": "auth.permission", "pk": 125, "fields": {"name": "Can add Trade Product", "content_type": 32, "codename": "add_tradeproduct"}}, {"model": "auth.permission", "pk": 126, "fields": {"name": "Can change Trade Product", "content_type": 32, "codename": "change_tradeproduct"}}, {"model": "auth.permission", "pk": 127, "fields": {"name": "Can delete Trade Product", "content_type": 32, "codename": "delete_tradeproduct"}}, {"model": "auth.permission", "pk": 128, "fields": {"name": "Can view Trade Product", "content_type": 32, "codename": "view_tradeproduct"}}, {"model": "auth.permission", "pk": 129, "fields": {"name": "Can add Trade Partner", "content_type": 33, "codename": "add_tradepartner"}}, {"model": "auth.permission", "pk": 130, "fields": {"name": "Can change Trade Partner", "content_type": 33, "codename": "change_tradepartner"}}, {"model": "auth.permission", "pk": 131, "fields": {"name": "Can delete Trade Partner", "content_type": 33, "codename": "delete_tradepartner"}}, {"model": "auth.permission", "pk": 132, "fields": {"name": "Can view Trade Partner", "content_type": 33, "codename": "view_tradepartner"}}, {"model": "auth.permission", "pk": 133, "fields": {"name": "Can add Trade Trend", "content_type": 34, "codename": "add_tradetrend"}}, {"model": "auth.permission", "pk": 134, "fields": {"name": "Can change Trade Trend", "content_type": 34, "codename": "change_tradetrend"}}, {"model": "auth.permission", "pk": 135, "fields": {"name": "Can delete Trade Trend", "content_type": 34, "codename": "delete_tradetrend"}}, {"model": "auth.permission", "pk": 136, "fields": {"name": "Can view Trade Trend", "content_type": 34, "codename": "view_tradetrend"}}, {"model": "contenttypes.contenttype", "pk": 1, "fields": {"app_label": "admin", "model": "logentry"}}, {"model": "contenttypes.contenttype", "pk": 2, "fields": {"app_label": "auth", "model": "permission"}}, {"model": "contenttypes.contenttype", "pk": 3, "fields": {"app_label": "auth", "model": "group"}}, {"model": "contenttypes.contenttype", "pk": 4, "fields": {"app_label": "contenttypes", "model": "contenttype"}}, {"model": "contenttypes.contenttype", "pk": 5, "fields": {"app_label": "sessions", "model": "session"}}, {"model": "contenttypes.contenttype", "pk": 6, "fields": {"app_label": "accounts", "model": "user"}}, {"model": "contenttypes.contenttype", "pk": 7, "fields": {"app_label": "accounts", "model": "useralertpreference"}}, {"model": "contenttypes.contenttype", "pk": 8, "fields": {"app_label": "subscriptions", "model": "subscriptionplan"}}, {"model": "contenttypes.contenttype", "pk": 9, "fields": {"app_label": "subscriptions", "model": "usersubscription"}}, {"model": "contenttypes.contenttype", "pk": 10, "fields": {"app_label": "subscriptions", "model": "tokenpurchase"}}, {"model": "contenttypes.contenttype", "pk": 11, "fields": {"app_label": "companies", "model": "adminannouncement"}}, {"model": "contenttypes.contenttype", "pk": 12, "fields": {"app_label": "companies", "model": "company"}}, {"model": "contenttypes.contenttype", "pk": 13, "fields": {"app_label": "companies", "model": "companyrole"}}, {"model": "contenttypes.contenttype", "pk": 14, "fields": {"app_label": "companies", "model": "companytype"}}, {"model": "contenttypes.contenttype", "pk": 15, "fields": {"app_label": "companies", "model": "ingestionlog"}}, {"model": "contenttypes.contenttype", "pk": 16, "fields": {"app_label": "companies", "model": "keycontact"}}, {"model": "contenttypes.contenttype", "pk": 17, "fields": {"app_label": "companies", "model": "sector"}}, {"model": "contenttypes.contenttype", "pk": 18, "fields": {"app_label": "companies", "model": "image"}}, {"model": "contenttypes.contenttype", "pk": 19, "fields": {"app_label": "companies", "model": "companyproduct"}}, {"model": "contenttypes.contenttype", "pk": 20, "fields": {"app_label": "companies", "model": "companymetricscache"}}, {"model": "contenttypes.contenttype", "pk": 21, "fields": {"app_label": "companies", "model": "keycontactunlock"}}, {"model": "contenttypes.contenttype", "pk": 22, "fields": {"app_label": "trade_data", "model": "transaction"}}, {"model": "contenttypes.contenttype", "pk": 23, "fields": {"app_label": "trade_data", "model": "hstoproductmap"}}, {"model": "contenttypes.contenttype", "pk": 24, "fields": {"app_label": "trade_data", "model": "aggproductmonthcountry"}}, {"model": "contenttypes.contenttype", "pk": 25, "fields": {"app_label": "trade_data", "model": "aggcompanymonthproduct"}}, {"model": "contenttypes.contenttype", "pk": 26, "fields": {"app_label": "market_intel", "model": "alert"}}, {"model": "contenttypes.contenttype", "pk": 27, "fields": {"app_label": "market_intel", "model": "newsarticle"}}, {"model": "contenttypes.contenttype", "pk": 28, "fields": {"app_label": "market_intel", "model": "savedanalysis"}}, {"model": "contenttypes.contenttype", "pk": 29, "fields": {"app_label": "subscriptions", "model": "redeemcode"}}, {"model": "contenttypes.contenttype", "pk": 30, "fields": {"app_label": "trade_ledger", "model": "productcategory"}}, {"model": "contenttypes.contenttype", "pk": 31, "fields": {"app_label": "trade_ledger", "model": "tradecompany"}}, {"model": "contenttypes.contenttype", "pk": 32, "fields": {"app_label": "trade_ledger", "model": "tradeproduct"}}, {"model": "contenttypes.contenttype", "pk": 33, "fields": {"app_label": "trade_ledger", "model": "tradepartner"}}, {"model": "contenttypes.contenttype", "pk": 34, "fields": {"app_label": "trade_ledger", "model": "tradetrend"}}, {"model": "sessions.session", "pk": "clbsza2bh7ener7t5ju3aottcv4tklpb", "fields": {"session_data": ".eJxVjDEOwjAMRe-SGUUhcZ3CyM4ZIjt2aAGlUtNOiLtDpQ6w_vfef5lE6zKktemcRjFnE8zhd2PKD60bkDvV22TzVJd5ZLspdqfNXifR52V3_w4GasO3dr0Hh0rihdk5H0ooGtEr-kigfQ8ZAboTEvBRkDsWxwiCQiQlRPP-ANyrOCU:1vQlsV:z-V2vMmg7IWq4Pe_2BzolEeo_pvdvKgApZ0wBYCAVf4", "expire_date": "2025-12-17T12:22:39.274Z"}}, {"model": "sessions.session", "pk": "mqi1773lsg12cz59ts02p6nv6cstxbk7", "fields": {"session_data": ".eJxVjDEOwjAMRe-SGUUhcZ3CyM4ZIjt2aAGlUtNOiLtDpQ6w_vfef5lE6zKktemcRjFnE8zhd2PKD60bkDvV22TzVJd5ZLspdqfNXifR52V3_w4GasO3dr0Hh0rihdk5H0ooGtEr-kigfQ8ZAboTEvBRkDsWxwiCQiQlRPP-ANyrOCU:1vQlC5:Nf1y0BUaqIw8wuwBoNfjc7rWwqnr4h28F5yWobcF6hg", "expire_date": "2025-12-17T11:38:49.238Z"}}, {"model": "sessions.session", "pk": "yht77kp3echipodj5ay7obti27pvyh8w", "fields": {"session_data": ".eJxVjDsOwyAQBe9CHSFg-cgp0-cMaFnWwUkEkrGrKHdPLLmw2zcz7yMirkuJa-c5TllcBYjLcUtIL64byE-sjyap1WWektwUudMu7y3z-7a7p4OCvfzrgEpjQJ-AWWUwYDU5pTgZ0ol59OxAGweW0KoA1hN4sjz4IQQ3EorvD-INN7k:1vNoDy:QoM6sKNmpUFOx_y4yMW1E1MzcgkHH01Il4Db_0vAQO0", "expire_date": "2025-12-09T08:16:34.443Z"}}, {"model": "accounts.user", "pk": 1, "fields": {"password": "pbkdf2_sha256$600000$jim8mpIhXNLPEe3gzpYVNo$5GlBKWPd3hMZIqak0NwodXbPBNxdX68fH5oJoS6jc6U=", "last_login": "2025-12-03T12:21:16.189Z", "is_superuser": false, "first_name": "Salman", "last_name": "Adnan", "is_staff": false, "is_active": true, "date_joined": "2025-11-19T12:39:33.183Z", "email": "salmanadnan0206@gmail.com", "username": null, "bio": "", "country": "Pakistan", "email_verified": true, "verification_token": "94a09c16-efac-4158-94a5-9250f98d9640", "token_created_at": "2025-11-19T12:39:43.144Z", "phone_number": null, "job_title": null, "token_balance": 0, "groups": [], "user_permissions": []}}, {"model": "accounts.user", "pk": 2, "fields": {"password": "pbkdf2_sha256$600000$2LFrXoOWt1lc5vIOkDjl1C$A8mnpHDpYsLC5DHIukulWwOyHTsDxjiEMnAt6N5LSws=", "last_login": "2025-12-03T12:20:58.641Z", "is_superuser": true, "first_name": "It", "last_name": "Expert", "is_staff": true, "is_active": true, "date_joined": "2025-11-19T12:48:21.628Z", "email": "it.expert2210@gmail.com", "username": null, "bio": "", "country": "Pakistan", "email_verified": true, "verification_token": "2c1cb3d6-955a-45d9-bf73-162dbd0e8bab", "token_created_at": "2025-11-19T12:48:21.629Z", "phone_number": null, "job_title": null, "token_balance": 89999, "groups": [], "user_permissions": []}}, {"model": "accounts.user", "pk": 3, "fields": {"password": "pbkdf2_sha256$600000$MhieCfJFeJVUYRVzkUnzMV$hKfjk9bRk8SuweQ8UV9uE0wnmDpo76tyuTOKk2QvPFw=", "last_login": "2025-12-03T12:22:35.385Z", "is_superuser": true, "first_name": "", "last_name": "", "is_staff": true, "is_active": true, "date_joined": "2025-11-24T16:19:45.689Z", "email": "admin@zarailink.com", "username": "admin", "bio": "", "country": null, "email_verified": true, "verification_token": "7661a07a-a5a3-4db8-b328-c9ab28773329", "token_created_at": "2025-11-24T16:19:45.689Z", "phone_number": null, "job_title": null, "token_balance": 25999, "groups": [], "user_permissions": []}}, {"model": "accounts.user", "pk": 4, "fields": {"password": "pbkdf2_sha256$600000$Ifpls70tw51hvuz6fWnXDb$uHWWP9tsRk0Upj80CN+0lbkhTsfOWOMnKFGe+0oeBAk=", "last_login": null, "is_superuser": true, "first_name": "Test", "last_name": "User", "is_staff": true, "is_active": true, "date_joined": "2025-12-03T06:46:55.541Z", "email": "test@example.com", "username": null, "bio": "", "country": null, "email_verified": true, "verification_token": "49b58eb1-b8f2-45d5-af69-594bef230986", "token_created_at": "2025-12-03T06:46:55.541Z", "phone_number": null, "job_title": null, "token_balance": 90000, "groups": [], "user_permissions": []}}, {"model": "subscriptions.subscriptionplan", "pk": 1, "fields": {"plan_name": "500 Credits", "price": "9.00", "currency": "PKR", "tokens_included": 500, "description": "Starter monthly plan - perfect for occasional use", "features": {"support": "Email support", "validity": "30 days", "contacts_unlock": "500 contacts per month"}, "created_at": "2025-11-24T16:03:41.845Z", "updated_at": "2025-11-24T16:03:41.845Z"}}, {"model": "subscriptions.subscriptionplan", "pk": 2, "fields": {"plan_name": "5K Credits", "price": "32.00", "currency": "PKR", "tokens_included": 5000, "description": "Standard monthly plan - best for growing businesses", "features": {"popular": true, "support": "Priority email support", "validity": "30 days", "contacts_unlock": "5,000 contacts per month"}, "created_at": "2025-11-24T16:03:41.852Z", "updated_at": "2025-11-24T16:03:41.852Z"}}, {"model": "subscriptions.subscriptionplan", "pk": 3, "fields": {"plan_name": "15K Credits", "price": "99.00", "currency": "PKR", "tokens_included": 15000, "description": "Ultimate monthly plan - for power users", "features": {"support": "Priority support + phone", "validity": "30 days", "contacts_unlock": "15,000 contacts per month", "advanced_analytics": true}, "created_at": "2025-11-24T16:03:41.858Z", "updated_at": "2025-11-24T16:03:41.858Z"}}, {"model": "subscriptions.subscriptionplan", "pk": 4, "fields": {"plan_name": "6000 Credits Annually", "price": "99.00", "currency": "PKR", "tokens_included": 6000, "description": "Starter annual plan - save with yearly billing", "features": {"save": "~10% vs monthly", "support": "Email support", "validity": "365 days", "contacts_unlock": "6,000 contacts per year"}, "created_at": "2025-11-24T16:03:41.863Z", "updated_at": "2025-11-24T16:03:41.863Z"}}, {"model": "subscriptions.subscriptionplan", "pk": 5, "fields": {"plan_name": "60K Credits Annually", "price": "350.00", "currency": "PKR", "tokens_included": 60000, "description": "Standard annual plan - maximum savings", "features": {"save": "~10% vs monthly", "popular": true, "support": "Priority email support", "validity": "365 days", "contacts_unlock": "60,000 contacts per year"}, "created_at": "2025-11-24T16:03:41.868Z", "updated_at": "2025-11-24T16:03:41.868Z"}}, {"model": "subscriptions.subscriptionplan", "pk": 6, "fields": {"plan_name": "900K Credits Annually", "price": "1090.00", "currency": "PKR", "tokens_included": 900000, "description": "Ultimate annual plan - best value", "features": {"save": "~10% vs monthly", "support": "Premium support + dedicated account manager", "validity": "365 days", "contacts_unlock": "900,000 contacts per year", "priority_access": true, "advanced_analytics": true}, "created_at": "2025-11-24T16:03:41.872Z", "updated_at": "2025-11-24T16:03:41.872Z"}}, {"model": "subscriptions.usersubscription", "pk": 1, "fields": {"user": 3, "plan": 2, "status": "active", "start_date": "2025-11-24", "end_date": "2025-12-24", "billing_cycle": "monthly", "created_at": "2025-11-24T16:48:23.123Z"}}, {"model": "subscriptions.usersubscription", "pk": 2, "fields": {"user": 3, "plan": 4, "status": "active", "start_date": "2025-11-24", "end_date": "2026-11-24", "billing_cycle": "yearly", "created_at": "2025-11-24T16:53:03.811Z"}}, {"model": "subscriptions.usersubscription", "pk": 3, "fields": {"user": 2, "plan": 6, "status": "active", "start_date": "2025-11-25", "end_date": "2026-11-25", "billing_cycle": "yearly", "created_at": "2025-11-25T02:23:34.537Z"}}, {"model": "subscriptions.usersubscription", "pk": 4, "fields": {"user": 3, "plan": 3, "status": "active", "start_date": "2025-11-25", "end_date": "2025-12-25", "billing_cycle": "monthly", "created_at": "2025-11-25T08:13:45.849Z"}}, {"model": "subscriptions.redeemcode", "pk": 1, "fields": {"code": "INIT-DUMMY-CODE", "plan": 1, "status": "active", "redeemed_by": null, "created_at": "2025-11-24T16:17:35.413Z", "redeemed_at": null, "expires_at": null}}, {"model": "subscriptions.redeemcode", "pk": 2, "fields": {"code": "22RVYKZHYUS7", "plan": 1, "status": "active", "redeemed_by": null, "created_at": "2025-11-24T16:28:10.164Z", "redeemed_at": null, "expires_at": null}}, {"model": "subscriptions.redeemcode", "pk": 3, "fields": {"code": "U39Q2P4TTDCV", "plan": 1, "status": "active", "redeemed_by": null, "created_at": "2025-11-24T16:28:10.188Z", "redeemed_at": null, "expires_at": null}}, {"model": "subscriptions.redeemcode", "pk": 4, "fields": {"code": "5T5WY2FQHKLY", "plan": 1, "status": "active", "redeemed_by": null, "created_at": "2025-11-24T16:28:10.199Z", "redeemed_at": null, "expires_at": null}}, {"model": "subscriptions.redeemcode", "pk": 5, "fields": {"code": "GFW4W4LCFHHR", "plan": 1, "status": "active", "redeemed_by": null, "created_at": "2025-11-24T16:28:10.208Z", "redeemed_at": null, "expires_at": null}}, {"model": "subscriptions.redeemcode", "pk": 6, "fields": {"code": "K7U9FSBD8FK6", "plan": 1, "status": "active", "redeemed_by": null, "created_at": "2025-11-24T16:28:10.217Z", "redeemed_at": null, "expires_at": null}}, {"model": "subscriptions.redeemcode", "pk": 7, "fields": {"code": "UELCGBWT5A6Q", "plan": 2, "status": "active", "redeemed_by": null, "created_at": "2025-11-24T16:31:46.229Z", "redeemed_at": null, "expires_at": null}}, {"model": "subscriptions.redeemcode", "pk": 8, "fields": {"code": "G27TWJQHU27G", "plan": 2, "status": "redeemed", "redeemed_by": 3, "created_at": "2025-11-24T16:31:46.241Z", "redeemed_at": "2025-11-24T16:48:23.120Z", "expires_at": null}}, {"model": "subscriptions.redeemcode", "pk": 9, "fields": {"code": "ZC6RN26WNCMU", "plan": 4, "status": "redeemed", "redeemed_by": 3, "created_at": "2025-11-24T16:33:30.146Z", "redeemed_at": "2025-11-24T16:53:03.808Z", "expires_at": null}}, {"model": "subscriptions.redeemcode", "pk": 10, "fields": {"code": "X893JJUA9Q59", "plan": 4, "status": "active", "redeemed_by": null, "created_at": "2025-11-24T16:33:30.155Z", "redeemed_at": null, "expires_at": null}}, {"model": "subscriptions.redeemcode", "pk": 11, "fields": {"code": "WJB9JDRNNARX", "plan": 4, "status": "active", "redeemed_by": null, "created_at": "2025-11-24T16:33:30.160Z", "redeemed_at": null, "expires_at": null}}, {"model": "subscriptions.redeemcode", "pk": 12, "fields": {"code": "5EV29U4KFDU3", "plan": 4, "status": "active", "redeemed_by": null, "created_at": "2025-11-24T16:33:30.165Z", "redeemed_at": null, "expires_at": null}}, {"model": "subscriptions.redeemcode", "pk": 13, "fields": {"code": "MH47ZW4AH6JJ", "plan": 4, "status": "active", "redeemed_by": null, "created_at": "2025-11-24T16:33:30.169Z", "redeemed_at": null, "expires_at": null}}, {"model": "subscriptions.redeemcode", "pk": 14, "fields": {"code": "PMXWVCZA4E3Z", "plan": 4, "status": "active", "redeemed_by": null, "created_at": "2025-11-24T16:33:30.175Z", "redeemed_at": null, "expires_at": null}}, {"model": "subscriptions.redeemcode", "pk": 15, "fields": {"code": "CEPDTDDE2HT3", "plan": 4, "status": "active", "redeemed_by": null, "created_at": "2025-11-24T16:33:30.180Z", "redeemed_at": null, "expires_at": null}}, {"model": "subscriptions.redeemcode", "pk": 16, "fields": {"code": "ZX5CGDNPGEEP", "plan": 4, "status": "active", "redeemed_by": null, "created_at": "2025-11-24T16:33:30.185Z", "redeemed_at": null, "expires_at": null}}, {"model": "subscriptions.redeemcode", "pk": 17, "fields": {"code": "XAVGAUR4H4YN", "plan": 4, "status": "active", "redeemed_by": null, "created_at": "2025-11-24T16:33:30.195Z", "redeemed_at": null, "expires_at": null}}, {"model": "subscriptions.redeemcode", "pk": 18, "fields": {"code": "BCSSYYJDMSSX", "plan": 4, "status": "active", "redeemed_by": null, "created_at": "2025-11-24T16:33:30.201Z", "redeemed_at": null, "expires_at": null}}, {"model": "subscriptions.redeemcode", "pk": 19, "fields": {"code": "SQ9TUTV6F4HA", "plan": 6, "status": "active", "redeemed_by": null, "created_at": "2025-11-25T02:23:00.559Z", "redeemed_at": null, "expires_at": null}}, {"model": "subscriptions.redeemcode", "pk": 20, "fields": {"code": "PQAR92377KLQ", "plan": 6, "status": "active", "redeemed_by": null, "created_at": "2025-11-25T02:23:00.573Z", "redeemed_at": null, "expires_at": null}}, {"model": "subscriptions.redeemcode", "pk": 21, "fields": {"code": "B9CZDYK43RH5", "plan": 6, "status": "active", "redeemed_by": null, "created_at": "2025-11-25T02:23:00.583Z", "redeemed_at": null, "expires_at": null}}, {"model": "subscriptions.redeemcode", "pk": 22, "fields": {"code": "ZMUGA5A73Z5K", "plan": 6, "status": "active", "redeemed_by": null, "created_at": "2025-11-25T02:23:00.592Z", "redeemed_at": null, "expires_at": null}}, {"model": "subscriptions.redeemcode", "pk": 23, "fields": {"code": "T4PZQMNC2B4C", "plan": 6, "status": "active", "redeemed_by": null, "created_at": "2025-11-25T02:23:00.602Z", "redeemed_at": null, "expires_at": null}}, {"model": "subscriptions.redeemcode", "pk": 24, "fields": {"code": "8N3BBTTKRQYC", "plan": 6, "status": "active", "redeemed_by": null, "created_at": "2025-11-25T02:23:00.613Z", "redeemed_at": null, "expires_at": null}}, {"model": "subscriptions.redeemcode", "pk": 25, "fields": {"code": "MK8XXW89WMM5", "plan": 6, "status": "active", "redeemed_by": null, "created_at": "2025-11-25T02:23:00.622Z", "redeemed_at": null, "expires_at": null}}, {"model": "subscriptions.redeemcode", "pk": 26, "fields": {"code": "9G5BE894SKK6", "plan": 6, "status": "active", "redeemed_by": null, "created_at": "2025-11-25T02:23:00.633Z", "redeemed_at": null, "expires_at": null}}, {"model": "subscriptions.redeemcode", "pk": 27, "fields": {"code": "VPVQWAXRFWW3", "plan": 6, "status": "active", "redeemed_by": null, "created_at": "2025-11-25T02:23:00.642Z", "redeemed_at": null, "expires_at": null}}, {"model": "subscriptions.redeemcode", "pk": 28, "fields": {"code": "ETUAHZYBXFBX", "plan": 6, "status": "redeemed", "redeemed_by": 2, "created_at": "2025-11-25T02:23:00.653Z", "redeemed_at": "2025-11-25T02:23:34.530Z", "expires_at": null}}, {"model": "subscriptions.redeemcode", "pk": 29, "fields": {"code": "UQAEPQYZCWA9", "plan": 3, "status": "active", "redeemed_by": null, "created_at": "2025-11-25T08:13:15.763Z", "redeemed_at": null, "expires_at": null}}, {"model": "subscriptions.redeemcode", "pk": 30, "fields": {"code": "EGHKTEXP9V6K", "plan": 3, "status": "active", "redeemed_by": null, "created_at": "2025-11-25T08:13:15.771Z", "redeemed_at": null, "expires_at": null}}, {"model": "subscriptions.redeemcode", "pk": 31, "fields": {"code": "32ZM78NHUSJ7", "plan": 3, "status": "active", "redeemed_by": null, "created_at": "2025-11-25T08:13:15.776Z", "redeemed_at": null, "expires_at": null}}, {"model": "subscriptions.redeemcode", "pk": 32, "fields": {"code": "M9ZM23WJ33GD", "plan": 3, "status": "active", "redeemed_by": null, "created_at": "2025-11-25T08:13:15.781Z", "redeemed_at": null, "expires_at": null}}, {"model": "subscriptions.redeemcode", "pk": 33, "fields": {"code": "NXUK76KVL8L6", "plan": 3, "status": "active", "redeemed_by": null, "created_at": "2025-11-25T08:13:15.786Z", "redeemed_at": null, "expires_at": null}}, {"model": "subscriptions.redeemcode", "pk": 34, "fields": {"code": "3QTSSQXQP95Z", "plan": 3, "status": "active", "redeemed_by": null, "created_at": "2025-11-25T08:13:15.791Z", "redeemed_at": null, "expires_at": null}}, {"model": "subscriptions.redeemcode", "pk": 35, "fields": {"code": "29W73X63JKKW", "plan": 3, "status": "active", "redeemed_by": null, "created_at": "2025-11-25T08:13:15.796Z", "redeemed_at": null, "expires_at": null}}, {"model": "subscriptions.redeemcode", "pk": 36, "fields": {"code": "66NY4XFD3ZJR", "plan": 3, "status": "active", "redeemed_by": null, "created_at": "2025-11-25T08:13:15.801Z", "redeemed_at": null, "expires_at": null}}, {"model": "subscriptions.redeemcode", "pk": 37, "fields": {"code": "2TE7FDZ66H8J", "plan": 3, "status": "active", "redeemed_by": null, "created_at": "2025-11-25T08:13:15.806Z", "redeemed_at": null, "expires_at": null}}, {"model": "subscriptions.redeemcode", "pk": 38, "fields": {"code": "HLZEXH2N462P", "plan": 3, "status": "redeemed", "redeemed_by": 3, "created_at": "2025-11-25T08:13:15.811Z", "redeemed_at": "2025-11-25T08:13:45.847Z", "expires_at": null}}, {"model": "subscriptions.redeemcode", "pk": 39, "fields": {"code": "ZWVF7D2CSY4Q", "plan": 1, "status": "active", "redeemed_by": null, "created_at": "2025-11-25T09:20:50.613Z", "redeemed_at": null, "expires_at": null}}, {"model": "subscriptions.redeemcode", "pk": 40, "fields": {"code": "RTTP49TKZ95H", "plan": 1, "status": "active", "redeemed_by": null, "created_at": "2025-11-25T09:20:50.622Z", "redeemed_at": null, "expires_at": null}}, {"model": "subscriptions.redeemcode", "pk": 41, "fields": {"code": "HBLDDF7NXPYM", "plan": 1, "status": "active", "redeemed_by": null, "created_at": "2025-11-25T09:20:50.627Z", "redeemed_at": null, "expires_at": null}}, {"model": "subscriptions.redeemcode", "pk": 42, "fields": {"code": "AMW2BGMYHWKC", "plan": 1, "status": "active", "redeemed_by": null, "created_at": "2025-11-25T09:20:50.631Z", "redeemed_at": null, "expires_at": null}}, {"model": "subscriptions.redeemcode", "pk": 43, "fields": {"code": "VPXG3YH484R7", "plan": 1, "status": "active", "redeemed_by": null, "created_at": "2025-11-25T09:20:50.637Z", "redeemed_at": null, "expires_at": null}}, {"model": "subscriptions.redeemcode", "pk": 44, "fields": {"code": "YNTL3RGX7BK2", "plan": 1, "status": "active", "redeemed_by": null, "created_at": "2025-11-25T09:20:50.642Z", "redeemed_at": null, "expires_at": null}}, {"model": "subscriptions.redeemcode", "pk": 45, "fields": {"code": "WCZD2GFJG5AX", "plan": 1, "status": "active", "redeemed_by": null, "created_at": "2025-11-25T09:20:50.646Z", "redeemed_at": null, "expires_at": null}}, {"model": "subscriptions.redeemcode", "pk": 46, "fields": {"code": "ZB74CC8RN387", "plan": 1, "status": "active", "redeemed_by": null, "created_at": "2025-11-25T09:20:50.651Z", "redeemed_at": null, "expires_at": null}}, {"model": "subscriptions.redeemcode", "pk": 47, "fields": {"code": "WMD7XDHTY9S5", "plan": 1, "status": "active", "redeemed_by": null, "created_at": "2025-11-25T09:20:50.657Z", "redeemed_at": null, "expires_at": null}}, {"model": "subscriptions.redeemcode", "pk": 48, "fields": {"code": "SUCEHD36VZ8P", "plan": 1, "status": "active", "redeemed_by": null, "created_at": "2025-11-25T09:20:50.661Z", "redeemed_at": null, "expires_at": null}}, {"model": "subscriptions.redeemcode", "pk": 49, "fields": {"code": "6MRAEGE723DC", "plan": 4, "status": "active", "redeemed_by": null, "created_at": "2025-11-25T09:21:05.566Z", "redeemed_at": null, "expires_at": null}}, {"model": "subscriptions.redeemcode", "pk": 50, "fields": {"code": "2SK72RD8XRXS", "plan": 4, "status": "active", "redeemed_by": null, "created_at": "2025-11-25T09:21:05.576Z", "redeemed_at": null, "expires_at": null}}, {"model": "subscriptions.redeemcode", "pk": 51, "fields": {"code": "SRK32D732FH8", "plan": 4, "status": "active", "redeemed_by": null, "created_at": "2025-11-25T09:21:05.581Z", "redeemed_at": null, "expires_at": null}}, {"model": "subscriptions.redeemcode", "pk": 52, "fields": {"code": "769Z3NADTTA9", "plan": 4, "status": "active", "redeemed_by": null, "created_at": "2025-11-25T09:21:05.586Z", "redeemed_at": null, "expires_at": null}}, {"model": "subscriptions.redeemcode", "pk": 53, "fields": {"code": "3HR8LX366DUH", "plan": 4, "status": "active", "redeemed_by": null, "created_at": "2025-11-25T09:21:05.591Z", "redeemed_at": null, "expires_at": null}}, {"model": "subscriptions.redeemcode", "pk": 54, "fields": {"code": "TKZ3KZMGTHEV", "plan": 4, "status": "active", "redeemed_by": null, "created_at": "2025-11-25T09:21:05.596Z", "redeemed_at": null, "expires_at": null}}, {"model": "subscriptions.redeemcode", "pk": 55, "fields": {"code": "N8WXP7YZCJNZ", "plan": 4, "status": "active", "redeemed_by": null, "created_at": "2025-11-25T09:21:05.601Z", "redeemed_at": null, "expires_at": null}}, {"model": "subscriptions.redeemcode", "pk": 56, "fields": {"code": "EJQC4NCN77VQ", "plan": 4, "status": "active", "redeemed_by": null, "created_at": "2025-11-25T09:21:05.606Z", "redeemed_at": null, "expires_at": null}}, {"model": "subscriptions.redeemcode", "pk": 57, "fields": {"code": "VEDBM9GC736Y", "plan": 4, "status": "active", "redeemed_by": null, "created_at": "2025-11-25T09:21:05.611Z", "redeemed_at": null, "expires_at": null}}, {"model": "subscriptions.redeemcode", "pk": 58, "fields": {"code": "LUGFFYR93HRC", "plan": 4, "status": "active", "redeemed_by": null, "created_at": "2025-11-25T09:21:05.616Z", "redeemed_at": null, "expires_at": null}}, {"model": "companies.sector", "pk": 1, "fields": {"name": "Sugar", "description": ""}}, {"model": "companies.sector", "pk": 2, "fields": {"name": "Pharmaceuticals", "description": ""}}, {"model": "companies.sector", "pk": 4, "fields": {"name": "Confectionery", "description": ""}}, {"model": "companies.companyrole", "pk": 1, "fields": {"name": "Buyer", "description": ""}}, {"model": "companies.companyrole", "pk": 2, "fields": {"name": "Supplier", "description": ""}}, {"model": "companies.companyrole", "pk": 3, "fields": {"name": "Distributor", "description": ""}}, {"model": "companies.companyrole", "pk": 4, "fields": {"name": "Manufacturer", "description": ""}}, {"model": "companies.companyrole", "pk": 5, "fields": {"name": "Service Provider", "description": ""}}, {"model": "companies.companyrole", "pk": 6, "fields": {"name": "Suppliers", "description": ""}}, {"model": "companies.companyrole", "pk": 7, "fields": {"name": "Buyers", "description": ""}}, {"model": "companies.companyrole", "pk": 8, "fields": {"name": "Both", "description": "Companies acting as both buyers and suppliers"}}, {"model": "companies.companytype", "pk": 1, "fields": {"name": "Sugar Mill", "description": ""}}, {"model": "companies.companytype", "pk": 2, "fields": {"name": "Pharmaceuticals", "description": ""}}, {"model": "companies.companytype", "pk": 3, "fields": {"name": "Confectionery", "description": ""}}, {"model": "companies.company", "pk": 1, "fields": {"name": "Al-Noor Rice Mills", "legal_name": "", "description": "", "country": "Pakistan", "province": "Punjab", "district": "", "address": "", "website": "", "contact_email": "", "phone": "", "logo_image": null, "year_established": 2005, "number_of_employees": "", "horeca_retail_info": "", "verification_status": "verified", "ntn_number": "", "trade_license_number": "", "sector": null, "company_role": 8, "company_type": null, "has_trade_data": true, "is_directory_profile": true, "created_at": "2025-12-03T06:32:38.761Z", "updated_at": "2025-12-03T06:32:38.761Z"}}, {"model": "companies.company", "pk": 2, "fields": {"name": "Sindh Agricultural Exports", "legal_name": "", "description": "", "country": "Pakistan", "province": "Sindh", "district": "", "address": "", "website": "", "contact_email": "", "phone": "", "logo_image": null, "year_established": 1993, "number_of_employees": "", "horeca_retail_info": "", "verification_status": "verified", "ntn_number": "", "trade_license_number": "", "sector": null, "company_role": 8, "company_type": null, "has_trade_data": true, "is_directory_profile": true, "created_at": "2025-12-03T06:32:38.765Z", "updated_at": "2025-12-03T06:32:38.765Z"}}, {"model": "companies.company", "pk": 3, "fields": {"name": "Lahore Grain Traders", "legal_name": "", "description": "", "country": "Pakistan", "province": "Punjab", "district": "", "address": "", "website": "", "contact_email": "", "phone": "", "logo_image": null, "year_established": 2015, "number_of_employees": "", "horeca_retail_info": "", "verification_status": "verified", "ntn_number": "", "trade_license_number": "", "sector": null, "company_role": 8, "company_type": null, "has_trade_data": true, "is_directory_profile": true, "created_at": "2025-12-03T06:32:38.767Z", "updated_at": "2025-12-03T06:32:38.767Z"}}, {"model": "companies.company", "pk": 4, "fields": {"name": "Karachi Fresh Exports", "legal_name": "", "description": "", "country": "Pakistan", "province": "KPK", "district": "", "address": "", "website": "", "contact_email": "", "phone": "", "logo_image": null, "year_established": 2020, "number_of_employees": "", "horeca_retail_info": "", "verification_status": "verified", "ntn_number": "", "trade_license_number": "", "sector": null, "company_role": 8, "company_type": null, "has_trade_data": true, "is_directory_profile": true, "created_at": "2025-12-03T06:32:38.770Z", "updated_at": "2025-12-03T06:32:38.770Z"}}, {"model": "companies.company", "pk": 5, "fields": {"name": "Punjab Cotton Mills", "legal_name": "", "description": "", "country": "Pakistan", "province": "KPK", "district": "", "address": "", "website": "", "contact_email": "", "phone": "", "logo_image": null, "year_established": 2005, "number_of_employees": "", "horeca_retail_info": "", "verification_status": "verified", "ntn_number": "", "trade_license_number": "", "sector": null, "company_role": 8, "company_type": null, "has_trade_data": true, "is_directory_profile": true, "created_at": "2025-12-03T06:32:38.772Z", "updated_at": "2025-12-03T06:32:38.772Z"}}, {"model": "companies.company", "pk": 6, "fields": {"name": "Pakistan Agricultural Solutions", "legal_name": "", "description": "", "country": "Pakistan", "province": "KPK", "district": "", "address": "", "website": "", "contact_email": "", "phone": "", "logo_image": null, "year_established": 2003, "number_of_employees": "", "horeca_retail_info": "", "verification_status": "verified", "ntn_number": "", "trade_license_number": "", "sector": null, "company_role": 8, "company_type": null, "has_trade_data": true, "is_directory_profile": true, "created_at": "2025-12-03T06:32:38.774Z", "updated_at": "2025-12-03T06:32:38.774Z"}}, {"model": "companies.company", "pk": 7, "fields": {"name": "Multan Agro Products", "legal_name": "", "description": "", "country": "Pakistan", "province": "Balochistan", "district": "", "address": "", "website": "", "contact_email": "", "phone": "", "logo_image": null, "year_established": 2009, "number_of_employees": "", "horeca_retail_info": "", "verification_status": "verified", "ntn_number": "", "trade_license_number": "", "sector": null, "company_role": 8, "company_type": null, "has_trade_data": true, "is_directory_profile": true, "created_at": "2025-12-03T06:32:38.775Z", "updated_at": "2025-12-03T06:32:38.775Z"}}, {"model": "companies.company", "pk": 8, "fields": {"name": "Faisalabad Textile & Cotton", "legal_name": "", "description": "", "country": "Pakistan", "province": "KPK", "district": "", "address": "", "website": "", "contact_email": "", "phone": "", "logo_image": null, "year_established": 2013, "number_of_employees": "", "horeca_retail_info": "", "verification_status": "verified", "ntn_number": "", "trade_license_number": "", "sector": null, "company_role": 8, "company_type": null, "has_trade_data": true, "is_directory_profile": true, "created_at": "2025-12-03T06:32:38.777Z", "updated_at": "2025-12-03T06:32:38.777Z"}}, {"model": "companies.company", "pk": 9, "fields": {"name": "Hyderabad Rice Corporation", "legal_name": "", "description": "", "country": "Pakistan", "province": "Sindh", "district": "", "address": "", "website": "", "contact_email": "", "phone": "", "logo_image": null, "year_established": 2013, "number_of_employees": "", "horeca_retail_info": "", "verification_status": "verified", "ntn_number": "", "trade_license_number": "", "sector": null, "company_role": 8, "company_type": null, "has_trade_data": true, "is_directory_profile": true, "created_at": "2025-12-03T06:32:38.779Z", "updated_at": "2025-12-03T06:32:38.779Z"}}, {"model": "companies.company", "pk": 10, "fields": {"name": "Peshawar Dry Fruits Co.", "legal_name": "", "description": "", "country": "Pakistan", "province": "KPK", "district": "", "address": "", "website": "", "contact_email": "", "phone": "", "logo_image": null, "year_established": 1997, "number_of_employees": "", "horeca_retail_info": "", "verification_status": "verified", "ntn_number": "", "trade_license_number": "", "sector": null, "company_role": 8, "company_type": null, "has_trade_data": true, "is_directory_profile": true, "created_at": "2025-12-03T06:32:38.780Z", "updated_at": "2025-12-03T06:32:38.780Z"}}, {"model": "companies.company", "pk": 11, "fields": {"name": "Gujranwala Vegetable Exports", "legal_name": "", "description": "", "country": "Pakistan", "province": "Punjab", "district": "", "address": "", "website": "", "contact_email": "", "phone": "", "logo_image": null, "year_established": 2020, "number_of_employees": "", "horeca_retail_info": "", "verification_status": "verified", "ntn_number": "", "trade_license_number": "", "sector": null, "company_role": 8, "company_type": null, "has_trade_data": true, "is_directory_profile": true, "created_at": "2025-12-03T06:32:38.783Z", "updated_at": "2025-12-03T06:32:38.783Z"}}, {"model": "companies.company", "pk": 12, "fields": {"name": "Sialkot International Trade", "legal_name": "", "description": "", "country": "Pakistan", "province": "Punjab", "district": "", "address": "", "website": "", "contact_email": "", "phone": "", "logo_image": null, "year_established": 1999, "number_of_employees": "", "horeca_retail_info": "", "verification_status": "verified", "ntn_number": "", "trade_license_number": "", "sector": null, "company_role": 8, "company_type": null, "has_trade_data": true, "is_directory_profile": true, "created_at": "2025-12-03T06:32:38.785Z", "updated_at": "2025-12-03T06:32:38.785Z"}}, {"model": "companies.company", "pk": 13, "fields": {"name": "Rawalpindi Grain Suppliers", "legal_name": "", "description": "", "country": "Pakistan", "province": "Balochistan", "district": "", "address": "", "website": "", "contact_email": "", "phone": "", "logo_image": null, "year_established": 1991, "number_of_employees": "", "horeca_retail_info": "", "verification_status": "verified", "ntn_number": "", "trade_license_number": "", "sector": null, "company_role": 8, "company_type": null, "has_trade_data": true, "is_directory_profile": true, "created_at": "2025-12-03T06:32:38.787Z", "updated_at": "2025-12-03T06:32:38.787Z"}}, {"model": "companies.company", "pk": 14, "fields": {"name": "Quetta Agricultural Hub", "legal_name": "", "description": "", "country": "Pakistan", "province": "Sindh", "district": "", "address": "", "website": "", "contact_email": "", "phone": "", "logo_image": null, "year_established": 2012, "number_of_employees": "", "horeca_retail_info": "", "verification_status": "verified", "ntn_number": "", "trade_license_number": "", "sector": null, "company_role": 8, "company_type": null, "has_trade_data": true, "is_directory_profile": true, "created_at": "2025-12-03T06:32:38.789Z", "updated_at": "2025-12-03T06:32:38.789Z"}}, {"model": "companies.company", "pk": 15, "fields": {"name": "Sukkur Rice Mills Ltd.", "legal_name": "", "description": "", "country": "Pakistan", "province": "KPK", "district": "", "address": "", "website": "", "contact_email": "", "phone": "", "logo_image": null, "year_established": 1998, "number_of_employees": "", "horeca_retail_info": "", "verification_status": "verified", "ntn_number": "", "trade_license_number": "", "sector": null, "company_role": 8, "company_type": null, "has_trade_data": true, "is_directory_profile": true, "created_at": "2025-12-03T06:32:38.791Z", "updated_at": "2025-12-03T06:32:38.791Z"}}, {"model": "companies.company", "pk": 16, "fields": {"name": "Abdullah Sugar Mills Ltd", "legal_name": "", "description": "Abdullah Sugar Mills Ltd. (AGSML) is a public limited company in Pakistan that manufactures and sells refined sugar and by-products. Incorporated in 1984, the company is listed on the Pakistan Stock Exchange and its mill is located in Gharo, District Thatta, Sindh. The company has an installed capacity of about 3,000 tons of cane per day (TCD).", "country": "Pakistan", "province": "", "district": "", "address": "6-F, Model Town, Lahore, Depalpur, Okara", "website": "https://asgsml.com/", "contact_email": "", "phone": "Ph. (042)-35917321-3 / Fax (042)-35917317", "logo_image": null, "year_established": 1984, "number_of_employees": "45", "horeca_retail_info": "", "verification_status": "verified", "ntn_number": "", "trade_license_number": "", "sector": 1, "company_role": 6, "company_type": 1, "has_trade_data": false, "is_directory_profile": true, "created_at": "2025-12-03T10:13:19.528Z", "updated_at": "2025-12-03T10:13:19.528Z"}}, {"model": "companies.company", "pk": 17, "fields": {"name": "Al-Arabia Sugar Mills Ltd", "legal_name": "", "description": "Al-Arabia Sugar Mills Ltd (ASML) is a Pakistani sugar mill inaugurated in 2017 that manufactures and markets white refined sugar, molasses, and bagasse. It is located in Sargodha and is part of the Sharif Group. ASML is involved in ongoing balancing, modernization, and replacement activities to improve efficiency and product quality.", "country": "Pakistan", "province": "", "district": "", "address": "55-k, Model Town, Lahore, Shahpur, Sargodha", "website": "https://sgroup.pk/al-arabia-sugar-mills-pvt-ltd/", "contact_email": "", "phone": "Ph. (042)-35857234-5", "logo_image": null, "year_established": 2017, "number_of_employees": "520", "horeca_retail_info": "", "verification_status": "verified", "ntn_number": "", "trade_license_number": "", "sector": 1, "company_role": 6, "company_type": 1, "has_trade_data": false, "is_directory_profile": true, "created_at": "2025-12-03T10:13:19.530Z", "updated_at": "2025-12-03T10:13:19.530Z"}}, {"model": "companies.company", "pk": 18, "fields": {"name": "Adam Sugar Mills Ltd", "legal_name": "", "description": "N/A", "country": "Pakistan", "province": "", "district": "", "address": "1st floor Haji Adam Chambers Road, Altaf Hussain New Chali, Karachi, Chistian, Bahawalnagar\n\n\n\nLiaison Office 345-A-I, Gulberg-III, Opp-Beaconhouse School, Lahore.", "website": "https://adam.com.pk/adamsugar.html", "contact_email": "", "phone": "Ph. (021)-32417812-17   \n(042)-35757216 \nFax (021)", "logo_image": null, "year_established": 1965, "number_of_employees": "485", "horeca_retail_info": "", "verification_status": "verified", "ntn_number": "", "trade_license_number": "", "sector": 1, "company_role": 6, "company_type": 1, "has_trade_data": false, "is_directory_profile": true, "created_at": "2025-12-03T10:13:19.534Z", "updated_at": "2025-12-03T10:13:19.534Z"}}, {"model": "companies.company", "pk": 19, "fields": {"name": "Ashraf Sugar Mills Ltd", "legal_name": "", "description": "N/A", "country": "Pakistan", "province": "", "district": "", "address": "11-Upper Mall, Lahore, Ashrafabad, Bahawalpur.", "website": "https://agipk.com/about-us/corporate-information-2/ashraf-sugar-mills-limited/", "contact_email": "", "phone": "Ph. (042)-35717333-\nFax 555/35718333\n(042)-3571699", "logo_image": null, "year_established": 1978, "number_of_employees": "750", "horeca_retail_info": "", "verification_status": "verified", "ntn_number": "", "trade_license_number": "", "sector": 1, "company_role": 6, "company_type": 1, "has_trade_data": false, "is_directory_profile": true, "created_at": "2025-12-03T10:13:19.537Z", "updated_at": "2025-12-03T10:13:19.537Z"}}, {"model": "companies.company", "pk": 20, "fields": {"name": "Baba Farid Sugar Mills Ltd", "legal_name": "", "description": "N/A", "country": "Pakistan", "province": "", "district": "", "address": "2-D/1 Gulberg-III Lahore, Faisalabad, Okara.", "website": "https://bfsml.com/", "contact_email": "", "phone": "Ph. 042-35771066\nFax 044-2522978", "logo_image": null, "year_established": 1978, "number_of_employees": "610", "horeca_retail_info": "", "verification_status": "verified", "ntn_number": "", "trade_license_number": "", "sector": 1, "company_role": 6, "company_type": 1, "has_trade_data": false, "is_directory_profile": true, "created_at": "2025-12-03T10:13:19.540Z", "updated_at": "2025-12-03T10:13:19.540Z"}}, {"model": "companies.company", "pk": 21, "fields": {"name": "Brother Sugar Mills Ltd", "legal_name": "", "description": "N/A", "country": "Pakistan", "province": "", "district": "", "address": "437-E-Block, Near Allah-Ho Round-About, Johor Town, Lahore, Chunian, Kasur.", "website": "https://brotherssugarmillsltd.enic.pk/", "contact_email": "", "phone": "Ph. (042)-35757013-16\nFax (042)-35710417", "logo_image": null, "year_established": 1988, "number_of_employees": "430", "horeca_retail_info": "", "verification_status": "verified", "ntn_number": "", "trade_license_number": "", "sector": 1, "company_role": 6, "company_type": 1, "has_trade_data": false, "is_directory_profile": true, "created_at": "2025-12-03T10:13:19.541Z", "updated_at": "2025-12-03T10:13:19.541Z"}}, {"model": "companies.company", "pk": 22, "fields": {"name": "Chanar Sugar Mills Ltd", "legal_name": "", "description": "N/A", "country": "Pakistan", "province": "", "district": "", "address": "69, Block, C-2, Gulberg-III, Lahore, Faisalabad.", "website": "https://chanarsugar.com/corporate/", "contact_email": "", "phone": "Ph. (042)-111-970-970\nFax (042)-35862264", "logo_image": null, "year_established": 1990, "number_of_employees": "560", "horeca_retail_info": "", "verification_status": "verified", "ntn_number": "", "trade_license_number": "", "sector": 1, "company_role": 6, "company_type": 1, "has_trade_data": false, "is_directory_profile": true, "created_at": "2025-12-03T10:13:19.544Z", "updated_at": "2025-12-03T10:13:19.544Z"}}, {"model": "companies.company", "pk": 23, "fields": {"name": "Chaudhry Sugar Mills Ltd", "legal_name": "", "description": "N/A", "country": "Pakistan", "province": "", "district": "", "address": "146- Abu Bakar Block, New Garden Town, Lahore, Gojra Toba Tek Singh.", "website": "http://sharifgroupn.com/", "contact_email": "", "phone": "Ph. (042)-35858135-6\nFax (042)-35858477", "logo_image": null, "year_established": 1992, "number_of_employees": "680", "horeca_retail_info": "", "verification_status": "verified", "ntn_number": "", "trade_license_number": "", "sector": 1, "company_role": 6, "company_type": 1, "has_trade_data": false, "is_directory_profile": true, "created_at": "2025-12-03T10:13:19.547Z", "updated_at": "2025-12-03T10:13:19.547Z"}}, {"model": "companies.company", "pk": 24, "fields": {"name": "Darya Khan Sugar Mills Ltd", "legal_name": "", "description": "N/A", "country": "Pakistan", "province": "", "district": "", "address": "42-G, Firdous Market, Gulberg III, Lahore, Darya Khan Bhakhar.", "website": "https://www.citysearch.pk/darya-khan-sugar-mills-limited-lahore", "contact_email": "", "phone": "Ph. (042)- 35884180-5\nFax (042)- 35884138", "logo_image": null, "year_established": 1975, "number_of_employees": "520", "horeca_retail_info": "", "verification_status": "verified", "ntn_number": "", "trade_license_number": "", "sector": 1, "company_role": 6, "company_type": 1, "has_trade_data": false, "is_directory_profile": true, "created_at": "2025-12-03T10:13:19.550Z", "updated_at": "2025-12-03T10:13:19.550Z"}}, {"model": "companies.company", "pk": 25, "fields": {"name": "Etihad Sugar Mills Ltd", "legal_name": "", "description": "N/A", "country": "Pakistan", "province": "", "district": "", "address": "House No. 3, Bawa Park, Upper Mall, Lahore, Karamabad Rahimyar Khan.", "website": "https://etihadsugar.com.pk/", "contact_email": "", "phone": "Ph. (042)- 35751865-66\nFax (042)- 35712293", "logo_image": null, "year_established": 2006, "number_of_employees": "740", "horeca_retail_info": "", "verification_status": "verified", "ntn_number": "", "trade_license_number": "", "sector": 1, "company_role": 6, "company_type": 1, "has_trade_data": false, "is_directory_profile": true, "created_at": "2025-12-03T10:13:19.553Z", "updated_at": "2025-12-03T10:13:19.553Z"}}, {"model": "companies.company", "pk": 26, "fields": {"name": "Fatima Sugar Mills Ltd", "legal_name": "", "description": "N/A", "country": "Pakistan", "province": "", "district": "", "address": "2nd Floor, Trust Plaza LMQ, Road, Multan. E-110, Khyaban-e-Jinnah, Main Boulevard, DHA, Lahore, Kot Addu Muzaffargarh", "website": "https://www.fatima-group.com/fatima-sugar-mills-limited/", "contact_email": "", "phone": "Ph. 061-4512031\n042-111-328-462\nFAX. 061-4884282", "logo_image": null, "year_established": 1988, "number_of_employees": "830", "horeca_retail_info": "", "verification_status": "verified", "ntn_number": "", "trade_license_number": "", "sector": 1, "company_role": 6, "company_type": 1, "has_trade_data": false, "is_directory_profile": true, "created_at": "2025-12-03T10:13:19.555Z", "updated_at": "2025-12-03T10:13:19.555Z"}}, {"model": "companies.company", "pk": 27, "fields": {"name": "Hamza Sugar Mills Ltd", "legal_name": "", "description": "N/A", "country": "Pakistan", "province": "", "district": "", "address": "Tayyab Group, 12th Floor,  Mezan Tower, Karachi. Liaqat Road, Faisalabad, Jetha Bhutta Khanpur, District Rahimyar khan.", "website": "https://hamzasugarmillslimited.enic.pk/", "contact_email": "", "phone": "Ph. 068-5882256\nFax 068-5882043", "logo_image": null, "year_established": 1963, "number_of_employees": "900", "horeca_retail_info": "", "verification_status": "verified", "ntn_number": "", "trade_license_number": "", "sector": 1, "company_role": 6, "company_type": 1, "has_trade_data": false, "is_directory_profile": true, "created_at": "2025-12-03T10:13:19.557Z", "updated_at": "2025-12-03T10:13:19.560Z"}}, {"model": "companies.company", "pk": 28, "fields": {"name": "Haq Bahu Sugar Mills Ltd", "legal_name": "", "description": "N/A", "country": "Pakistan", "province": "", "district": "", "address": "65-Infantry Road, Military Accounts Colony, Lahore Cantt, Layyah Road Jhang.", "website": "https://lcci.pk/listing/haq-bahu-sugar-mills-pvt-ltd/", "contact_email": "", "phone": "Ph. (021) 35644081-2", "logo_image": null, "year_established": 1984, "number_of_employees": "480", "horeca_retail_info": "", "verification_status": "verified", "ntn_number": "", "trade_license_number": "", "sector": 1, "company_role": 6, "company_type": 1, "has_trade_data": false, "is_directory_profile": true, "created_at": "2025-12-03T10:13:19.564Z", "updated_at": "2025-12-03T10:13:19.564Z"}}, {"model": "companies.company", "pk": 29, "fields": {"name": "Haseeb Waqas Sugar Mills Ltd", "legal_name": "", "description": "N/A", "country": "Pakistan", "province": "", "district": "", "address": "6 - F, Model Town, Lahore, Nankana Sahib.", "website": "https://www.hwgc.com.pk/haseeb_sugar_mill.htm", "contact_email": "", "phone": "Ph. (042) 35917321-3\nFax (042) 35917317", "logo_image": null, "year_established": 1991, "number_of_employees": "650", "horeca_retail_info": "", "verification_status": "verified", "ntn_number": "", "trade_license_number": "", "sector": 1, "company_role": 6, "company_type": 1, "has_trade_data": false, "is_directory_profile": true, "created_at": "2025-12-03T10:13:19.566Z", "updated_at": "2025-12-03T10:13:19.566Z"}}, {"model": "companies.company", "pk": 30, "fields": {"name": "Abbott Laboratories", "legal_name": "", "description": "Abbott Pakistan is a subsidiary of Abbott Labs. They operate across pharmaceuticals, nutrition, diagnostics, diabetes devices, etc., and have manufacturing + sales operations in Pakistan.", "country": "Pakistan", "province": "", "district": "", "address": "Plot No.258 & 324, Karachi, Pakistan", "website": "https://www.pk.abbott/", "contact_email": "", "phone": "UAN: (+92-21) 111-222-688(9586)\n \n Tel: (+92-21) 3", "logo_image": null, "year_established": 1888, "number_of_employees": "1406", "horeca_retail_info": "", "verification_status": "verified", "ntn_number": "", "trade_license_number": "", "sector": 2, "company_role": 7, "company_type": 2, "has_trade_data": false, "is_directory_profile": true, "created_at": "2025-12-03T10:13:19.570Z", "updated_at": "2025-12-03T10:13:19.570Z"}}, {"model": "companies.company", "pk": 31, "fields": {"name": "Citi pharma", "legal_name": "", "description": "Manufacturer of pharmaceutical, medical chemical, and botanical products; they produce capsules, tablets, syrups, ointments, etc.", "country": "Pakistan", "province": "", "district": "", "address": "- Head Office: 588-Q, Phase 2, Johar Town, Lahore \n\n\n- Factory: 3km Head Balloki Road, Phool Nagar, Kasur", "website": "http://www.citipharma.com.pk", "contact_email": "", "phone": "4235316587", "logo_image": null, "year_established": 1993, "number_of_employees": "700", "horeca_retail_info": "", "verification_status": "verified", "ntn_number": "", "trade_license_number": "", "sector": 2, "company_role": 7, "company_type": 2, "has_trade_data": false, "is_directory_profile": true, "created_at": "2025-12-03T10:13:19.574Z", "updated_at": "2025-12-03T10:13:19.574Z"}}, {"model": "companies.company", "pk": 32, "fields": {"name": "Hilton Pharma", "legal_name": "", "description": "Hilton Pharma is a major Pakistani pharmaceutical company with both marketing and manufacturing; they market licensed products plus branded generics.", "country": "Pakistan", "province": "", "district": "", "address": "Progressive Plaza, 8th Floor, Beaumont Road, Karachi.", "website": "https://hiltonpharma.com/", "contact_email": "", "phone": "Factory:UAN : (92-21) 111-445-866\n Tel : (92-21) 3", "logo_image": null, "year_established": 1976, "number_of_employees": "1977", "horeca_retail_info": "", "verification_status": "verified", "ntn_number": "", "trade_license_number": "", "sector": 2, "company_role": 7, "company_type": 2, "has_trade_data": false, "is_directory_profile": true, "created_at": "2025-12-03T10:13:19.577Z", "updated_at": "2025-12-03T10:13:19.577Z"}}, {"model": "companies.company", "pk": 33, "fields": {"name": "Helix Pharma (Pvt.)", "legal_name": "", "description": "Part of the Hakimsons Group. They manufacture a broad range of therapies (infectious, cardiac, oncology, etc.), have cGMP facility, technical collaboration with Takeda, and a mission to deliver affordable, quality medicines.", "country": "Pakistan", "province": "", "district": "", "address": "Head Office: 1/A Muhammad Ali Housing Society, Johar Road, Main ShahraheFaisal, Karachi. \nHelix Pharma\n+1\n Factory: SITE, Manghopir Road, Karachi75700.", "website": "https://helix-ph.com", "contact_email": "", "phone": "021 111-475-475", "logo_image": null, "year_established": 1960, "number_of_employees": "1200", "horeca_retail_info": "", "verification_status": "verified", "ntn_number": "", "trade_license_number": "", "sector": 2, "company_role": 7, "company_type": 2, "has_trade_data": false, "is_directory_profile": true, "created_at": "2025-12-03T10:13:19.580Z", "updated_at": "2025-12-03T10:13:19.580Z"}}, {"model": "companies.company", "pk": 34, "fields": {"name": "Maxitech Pharmacy", "legal_name": "", "description": "N/A", "country": "Pakistan", "province": "", "district": "", "address": "E-178,S.I.T.E., Super Highway,\nPhase-II Karachi", "website": "https://maxitechpharma.com/contact/", "contact_email": "", "phone": "+92 21 36411932", "logo_image": null, "year_established": 2012, "number_of_employees": "400", "horeca_retail_info": "", "verification_status": "verified", "ntn_number": "", "trade_license_number": "", "sector": 4, "company_role": 7, "company_type": 2, "has_trade_data": false, "is_directory_profile": true, "created_at": "2025-12-03T10:13:19.583Z", "updated_at": "2025-12-03T10:13:19.583Z"}}, {"model": "companies.company", "pk": 35, "fields": {"name": "Pakola", "legal_name": "", "description": "One of the oldest and most iconic beverage companies in Pakistan, known for its flagship green Pakola soda.", "country": "Pakistan", "province": "", "district": "", "address": "Karachi, SITE area (Mehran Bottlers)", "website": "https://pakola.com.pk/", "contact_email": "", "phone": "92111725652", "logo_image": null, "year_established": 1950, "number_of_employees": "500", "horeca_retail_info": "", "verification_status": "verified", "ntn_number": "", "trade_license_number": "", "sector": 4, "company_role": 7, "company_type": 3, "has_trade_data": false, "is_directory_profile": true, "created_at": "2025-12-03T10:13:19.587Z", "updated_at": "2025-12-03T10:13:19.587Z"}}, {"model": "companies.company", "pk": 36, "fields": {"name": "Al habib foods", "legal_name": "", "description": "A leading organic juice / beverage manufacturer in Pakistan. They make bottled, glass, tetrapack juices, with a focus on natural fruit-based drinks.", "country": "Pakistan", "province": "", "district": "", "address": "117-118, Nayab Grace, Opp. New Cricket Stadium, Vehari Road, Multan, Pakistan", "website": "https://alhabibfoodspk.com/", "contact_email": "", "phone": "92 303 3300004 | +92 300 6338897,92 311 3000044 | ", "logo_image": null, "year_established": 1995, "number_of_employees": "50", "horeca_retail_info": "", "verification_status": "verified", "ntn_number": "", "trade_license_number": "", "sector": 4, "company_role": 7, "company_type": 3, "has_trade_data": false, "is_directory_profile": true, "created_at": "2025-12-03T10:13:19.590Z", "updated_at": "2025-12-03T10:13:19.590Z"}}, {"model": "companies.company", "pk": 37, "fields": {"name": "Naurus (Pvt) Ltd.", "legal_name": "", "description": "N/A", "country": "Pakistan", "province": "", "district": "", "address": "Pakistan", "website": "https://example.com", "contact_email": "", "phone": "0314-2035678/(021) 32577851", "logo_image": null, "year_established": 2016, "number_of_employees": "200", "horeca_retail_info": "", "verification_status": "verified", "ntn_number": "", "trade_license_number": "", "sector": 4, "company_role": 7, "company_type": 3, "has_trade_data": false, "is_directory_profile": true, "created_at": "2025-12-03T10:13:19.592Z", "updated_at": "2025-12-03T10:13:19.592Z"}}, {"model": "companies.company", "pk": 38, "fields": {"name": "Nestle", "legal_name": "", "description": "N/A", "country": "Pakistan", "province": "", "district": "", "address": "Pakistan", "website": "https://example.com", "contact_email": "", "phone": "(042) 111 637 853", "logo_image": null, "year_established": 1905, "number_of_employees": "277000", "horeca_retail_info": "", "verification_status": "verified", "ntn_number": "", "trade_license_number": "", "sector": 4, "company_role": 7, "company_type": 3, "has_trade_data": false, "is_directory_profile": true, "created_at": "2025-12-03T10:13:19.595Z", "updated_at": "2025-12-03T10:13:19.595Z"}}, {"model": "companies.company", "pk": 39, "fields": {"name": "Mezan Beverages (Pvt) Ltd", "legal_name": "", "description": "N/A", "country": "Pakistan", "province": "", "district": "", "address": "Pakistan", "website": "https://example.com", "contact_email": "", "phone": "(049) 4540451, UAN: 042-111 639 261,+92 331 0006 3", "logo_image": null, "year_established": 1951, "number_of_employees": "4000", "horeca_retail_info": "", "verification_status": "verified", "ntn_number": "", "trade_license_number": "", "sector": 4, "company_role": 7, "company_type": 3, "has_trade_data": false, "is_directory_profile": true, "created_at": "2025-12-03T10:13:19.597Z", "updated_at": "2025-12-03T10:13:19.597Z"}}, {"model": "companies.company", "pk": 40, "fields": {"name": "HAIDRI BEVERAGES PVT LTD.", "legal_name": "", "description": "N/A", "country": "Pakistan", "province": "", "district": "", "address": "Pakistan", "website": "https://example.com", "contact_email": "", "phone": "051-4490490", "logo_image": null, "year_established": 1984, "number_of_employees": "500", "horeca_retail_info": "", "verification_status": "verified", "ntn_number": "", "trade_license_number": "", "sector": 4, "company_role": 7, "company_type": 3, "has_trade_data": false, "is_directory_profile": true, "created_at": "2025-12-03T10:13:19.599Z", "updated_at": "2025-12-03T10:13:19.599Z"}}, {"model": "companies.company", "pk": 41, "fields": {"name": "Shangrila Foods Pvt. Ltd (Fruiti-o)", "legal_name": "", "description": "N/A", "country": "Pakistan", "province": "", "district": "", "address": "Pakistan", "website": "https://example.com", "contact_email": "", "phone": "Head office: +92 21 34375654, +92 21 34375656\n +92", "logo_image": null, "year_established": 1988, "number_of_employees": "500", "horeca_retail_info": "", "verification_status": "verified", "ntn_number": "", "trade_license_number": "", "sector": 4, "company_role": 7, "company_type": 3, "has_trade_data": false, "is_directory_profile": true, "created_at": "2025-12-03T10:13:19.603Z", "updated_at": "2025-12-03T10:13:19.603Z"}}, {"model": "companies.company", "pk": 42, "fields": {"name": "Sukkur Beverages", "legal_name": "", "description": "N/A", "country": "Pakistan", "province": "", "district": "", "address": "Pakistan", "website": "https://example.com", "contact_email": "", "phone": "(021) 35872667-8,+92 71 582 0104 - 582 0112", "logo_image": null, "year_established": 1977, "number_of_employees": "1200", "horeca_retail_info": "", "verification_status": "verified", "ntn_number": "", "trade_license_number": "", "sector": 4, "company_role": 7, "company_type": 3, "has_trade_data": false, "is_directory_profile": true, "created_at": "2025-12-03T10:13:19.606Z", "updated_at": "2025-12-03T10:13:19.606Z"}}, {"model": "companies.company", "pk": 43, "fields": {"name": "Iftikhar Ahmed & Co Juice", "legal_name": "", "description": "N/A", "country": "Pakistan", "province": "", "district": "", "address": "Pakistan", "website": "https://example.com", "contact_email": "", "phone": "92-21-111 666 422\n92-21 36871092 - 3              ", "logo_image": null, "year_established": 1960, "number_of_employees": "500", "horeca_retail_info": "", "verification_status": "verified", "ntn_number": "", "trade_license_number": "", "sector": 4, "company_role": 7, "company_type": 3, "has_trade_data": false, "is_directory_profile": true, "created_at": "2025-12-03T10:13:19.609Z", "updated_at": "2025-12-03T10:13:19.609Z"}}, {"model": "companies.company", "pk": 44, "fields": {"name": "SILVER LAKE FOODS", "legal_name": "", "description": "N/A", "country": "Pakistan", "province": "", "district": "", "address": "Plot No. 50, Phase-III Industrial Estate, Hattar, Haripur", "website": "https://example.com", "contact_email": "", "phone": "92 333 6736874                                    ", "logo_image": null, "year_established": 1995, "number_of_employees": "229", "horeca_retail_info": "", "verification_status": "verified", "ntn_number": "", "trade_license_number": "", "sector": 4, "company_role": 7, "company_type": 3, "has_trade_data": false, "is_directory_profile": true, "created_at": "2025-12-03T10:13:19.612Z", "updated_at": "2025-12-03T10:13:19.612Z"}}, {"model": "companies.company", "pk": 45, "fields": {"name": "Ismail Industries Ltd. Candyland", "legal_name": "", "description": "N/A", "country": "Pakistan", "province": "", "district": "", "address": "Plot#231-241, Hub industrial Estate, Hub Industrial", "website": "https://example.com", "contact_email": "", "phone": "(+92-21) 34311172-76", "logo_image": null, "year_established": 1988, "number_of_employees": "1640", "horeca_retail_info": "", "verification_status": "verified", "ntn_number": "", "trade_license_number": "", "sector": 4, "company_role": 7, "company_type": 3, "has_trade_data": false, "is_directory_profile": true, "created_at": "2025-12-03T10:13:19.615Z", "updated_at": "2025-12-03T10:13:19.615Z"}}, {"model": "companies.company", "pk": 46, "fields": {"name": "Mondelez Pakistan", "legal_name": "", "description": "N/A", "country": "Pakistan", "province": "", "district": "", "address": "Khayaban-e-Roomi, Karachi", "website": "https://example.com", "contact_email": "", "phone": "(021) 35865281", "logo_image": null, "year_established": 1993, "number_of_employees": "825", "horeca_retail_info": "", "verification_status": "verified", "ntn_number": "", "trade_license_number": "", "sector": 4, "company_role": 7, "company_type": 3, "has_trade_data": false, "is_directory_profile": true, "created_at": "2025-12-03T10:13:19.619Z", "updated_at": "2025-12-03T10:13:19.619Z"}}, {"model": "companies.company", "pk": 47, "fields": {"name": "Hilal Foods (Pvt) Ltd -", "legal_name": "", "description": "N/A", "country": "Pakistan", "province": "", "district": "", "address": "Office No. 15-16, Al-Rehman Plaza, near Body Fit Gym", "website": "https://example.com", "contact_email": "", "phone": "021) 111 557 557", "logo_image": null, "year_established": 1957, "number_of_employees": "1000", "horeca_retail_info": "", "verification_status": "verified", "ntn_number": "", "trade_license_number": "", "sector": 4, "company_role": 7, "company_type": 3, "has_trade_data": false, "is_directory_profile": true, "created_at": "2025-12-03T10:13:19.622Z", "updated_at": "2025-12-03T10:13:19.622Z"}}, {"model": "companies.keycontact", "pk": 1, "fields": {"company": 1, "name": "Test Contact 1", "designation": "Manager", "phone": "9876543210", "whatsapp": "", "email": "test1@contact.com", "is_public": false, "created_at": "2025-12-03T07:19:12.731Z", "updated_at": "2025-12-03T07:19:12.731Z"}}, {"model": "companies.keycontact", "pk": 2, "fields": {"company": 18, "name": "Umar Sb", "designation": "Finance Manager", "phone": "0300 8200411", "whatsapp": "0300 8200411", "email": "umar_khurram@adam.com", "is_public": false, "created_at": "2025-12-03T10:13:19.649Z", "updated_at": "2025-12-03T10:13:19.649Z"}}, {"model": "companies.keycontact", "pk": 3, "fields": {"company": 45, "name": "Ahmed Ismail", "designation": "Procurement", "phone": "92 3212051511", "whatsapp": "92 3212051511", "email": "contact_1_45@example.com", "is_public": false, "created_at": "2025-12-03T10:13:19.652Z", "updated_at": "2025-12-03T10:13:19.652Z"}}, {"model": "companies.keycontact", "pk": 4, "fields": {"company": 46, "name": "M. SAJID", "designation": "Procurement Manager", "phone": "(021) 35865285", "whatsapp": "(021) 35865285", "email": "contact_2_46@example.com", "is_public": false, "created_at": "2025-12-03T10:13:19.655Z", "updated_at": "2025-12-03T10:13:19.655Z"}}, {"model": "companies.keycontact", "pk": 5, "fields": {"company": 47, "name": "Anum Zafar", "designation": "procurement manager", "phone": "92 3011175207", "whatsapp": "92 3011175207", "email": "contact_3_47@example.com", "is_public": false, "created_at": "2025-12-03T10:13:19.657Z", "updated_at": "2025-12-03T10:13:19.657Z"}}, {"model": "companies.keycontactunlock", "pk": 1, "fields": {"user": 3, "key_contact": 2, "unlocked_at": "2025-12-03T11:38:48.553Z"}}, {"model": "companies.keycontactunlock", "pk": 2, "fields": {"user": 2, "key_contact": 2, "unlocked_at": "2025-12-03T12:21:04.137Z"}}, {"model": "trade_ledger.productcategory", "pk": 1, "fields": {"name": "Basmati Rice", "hs_code": "1006.30", "description": "Premium long-grain aromatic rice"}}, {"model": "trade_ledger.productcategory", "pk": 2, "fields": {"name": "Non-Basmati Rice", "hs_code": "1006.10", "description": "Standard rice varieties"}}, {"model": "trade_ledger.productcategory", "pk": 3, "fields": {"name": "Kinnow (Citrus)", "hs_code": "0805.21", "description": "Pakistani citrus fruit"}}, {"model": "trade_ledger.productcategory", "pk": 4, "fields": {"name": "Mango", "hs_code": "0804.50", "description": "Fresh mangoes"}}, {"model": "trade_ledger.productcategory", "pk": 5, "fields": {"name": "Potato", "hs_code": "0701.90", "description": "Fresh potatoes"}}, {"model": "trade_ledger.productcategory", "pk": 6, "fields": {"name": "Onion", "hs_code": "0703.10", "description": "Fresh onions"}}, {"model": "trade_ledger.productcategory", "pk": 7, "fields": {"name": "Cotton", "hs_code": "5201.00", "description": "Raw cotton"}}, {"model": "trade_ledger.productcategory", "pk": 8, "fields": {"name": "Wheat", "hs_code": "1001.99", "description": "Wheat grain"}}, {"model": "trade_ledger.productcategory", "pk": 9, "fields": {"name": "Dates", "hs_code": "0804.10", "description": "Fresh or dried dates"}}, {"model": "trade_ledger.productcategory", "pk": 10, "fields": {"name": "Spices", "hs_code": "0910.99", "description": "Various spices"}}, {"model": "trade_ledger.tradecompany", "pk": 31, "fields": {"company": 1, "estimated_revenue": "49820706.12", "trade_volume": "5277603.22", "active_since": "2004-06-01", "is_importer": false, "is_exporter": true}}, {"model": "trade_ledger.tradecompany", "pk": 32, "fields": {"company": 2, "estimated_revenue": "38127558.48", "trade_volume": "32669193.47", "active_since": "2013-11-01", "is_importer": true, "is_exporter": true}}, {"model": "trade_ledger.tradecompany", "pk": 33, "fields": {"company": 3, "estimated_revenue": "8841137.09", "trade_volume": "19582097.67", "active_since": "1997-07-01", "is_importer": false, "is_exporter": true}}, {"model": "trade_ledger.tradecompany", "pk": 34, "fields": {"company": 4, "estimated_revenue": "21990510.13", "trade_volume": "18086974.68", "active_since": "2018-07-01", "is_importer": false, "is_exporter": true}}, {"model": "trade_ledger.tradecompany", "pk": 35, "fields": {"company": 5, "estimated_revenue": "17086784.51", "trade_volume": "24764892.18", "active_since": "2005-08-01", "is_importer": false, "is_exporter": true}}, {"model": "trade_ledger.tradecompany", "pk": 36, "fields": {"company": 6, "estimated_revenue": "2429020.18", "trade_volume": "36380708.02", "active_since": "2009-10-01", "is_importer": true, "is_exporter": true}}, {"model": "trade_ledger.tradecompany", "pk": 37, "fields": {"company": 7, "estimated_revenue": "3622068.92", "trade_volume": "4826474.65", "active_since": "2018-05-01", "is_importer": false, "is_exporter": true}}, {"model": "trade_ledger.tradecompany", "pk": 38, "fields": {"company": 8, "estimated_revenue": "47983487.08", "trade_volume": "9190710.85", "active_since": "2003-05-01", "is_importer": false, "is_exporter": true}}, {"model": "trade_ledger.tradecompany", "pk": 39, "fields": {"company": 9, "estimated_revenue": "21176318.53", "trade_volume": "25595605.31", "active_since": "1998-07-01", "is_importer": false, "is_exporter": true}}, {"model": "trade_ledger.tradecompany", "pk": 40, "fields": {"company": 10, "estimated_revenue": "8622880.69", "trade_volume": "34176953.97", "active_since": "2006-11-01", "is_importer": false, "is_exporter": true}}, {"model": "trade_ledger.tradecompany", "pk": 41, "fields": {"company": 11, "estimated_revenue": "5829921.55", "trade_volume": "558840.96", "active_since": "2005-10-01", "is_importer": false, "is_exporter": true}}, {"model": "trade_ledger.tradecompany", "pk": 42, "fields": {"company": 12, "estimated_revenue": "24973953.32", "trade_volume": "38774648.78", "active_since": "1995-04-01", "is_importer": true, "is_exporter": true}}, {"model": "trade_ledger.tradecompany", "pk": 43, "fields": {"company": 13, "estimated_revenue": "16375159.64", "trade_volume": "37001287.78", "active_since": "2003-12-01", "is_importer": true, "is_exporter": false}}, {"model": "trade_ledger.tradecompany", "pk": 44, "fields": {"company": 14, "estimated_revenue": "44191422.70", "trade_volume": "24267663.99", "active_since": "1996-10-01", "is_importer": false, "is_exporter": true}}, {"model": "trade_ledger.tradecompany", "pk": 45, "fields": {"company": 15, "estimated_revenue": "17689238.70", "trade_volume": "8009107.52", "active_since": "2010-11-01", "is_importer": false, "is_exporter": true}}, {"model": "trade_ledger.tradeproduct", "pk": 1, "fields": {"company": 31, "category": 2, "product_name": "Non-Basmati Rice - Standard", "hs_code": "1006.10", "description": "", "avg_price": "1869.70", "currency": "USD", "volume": "285101.71", "unit": "kg", "yoy_growth": "22.30"}}, {"model": "trade_ledger.tradeproduct", "pk": 2, "fields": {"company": 31, "category": 2, "product_name": "Non-Basmati Rice - Standard", "hs_code": "1006.10", "description": "", "avg_price": "1845.29", "currency": "USD", "volume": "8357.77", "unit": "ton", "yoy_growth": "14.84"}}, {"model": "trade_ledger.tradeproduct", "pk": 3, "fields": {"company": 31, "category": 2, "product_name": "Non-Basmati Rice - Premium", "hs_code": "1006.10", "description": "", "avg_price": "1696.52", "currency": "USD", "volume": "340599.92", "unit": "kg", "yoy_growth": "-9.94"}}, {"model": "trade_ledger.tradeproduct", "pk": 4, "fields": {"company": 32, "category": 3, "product_name": "Kinnow (Citrus) - Standard", "hs_code": "0805.21", "description": "", "avg_price": "1889.03", "currency": "USD", "volume": "492973.39", "unit": "kg", "yoy_growth": "22.82"}}, {"model": "trade_ledger.tradeproduct", "pk": 5, "fields": {"company": 32, "category": 1, "product_name": "Basmati Rice - Premium", "hs_code": "1006.30", "description": "", "avg_price": "799.88", "currency": "USD", "volume": "391597.62", "unit": "kg", "yoy_growth": "4.69"}}, {"model": "trade_ledger.tradeproduct", "pk": 6, "fields": {"company": 33, "category": 8, "product_name": "Wheat - Grade A", "hs_code": "1001.99", "description": "", "avg_price": "1929.00", "currency": "USD", "volume": "399194.66", "unit": "kg", "yoy_growth": "27.00"}}, {"model": "trade_ledger.tradeproduct", "pk": 7, "fields": {"company": 33, "category": 2, "product_name": "Non-Basmati Rice - Grade A", "hs_code": "1006.10", "description": "", "avg_price": "835.01", "currency": "USD", "volume": "290681.43", "unit": "container", "yoy_growth": "-9.10"}}, {"model": "trade_ledger.tradeproduct", "pk": 8, "fields": {"company": 33, "category": 8, "product_name": "Wheat - Premium", "hs_code": "1001.99", "description": "", "avg_price": "977.58", "currency": "USD", "volume": "55737.24", "unit": "kg", "yoy_growth": "21.57"}}, {"model": "trade_ledger.tradeproduct", "pk": 9, "fields": {"company": 33, "category": 2, "product_name": "Non-Basmati Rice - Super", "hs_code": "1006.10", "description": "", "avg_price": "1030.82", "currency": "USD", "volume": "439925.51", "unit": "container", "yoy_growth": "5.62"}}, {"model": "trade_ledger.tradeproduct", "pk": 10, "fields": {"company": 34, "category": 4, "product_name": "Mango - Super", "hs_code": "0804.50", "description": "", "avg_price": "276.16", "currency": "USD", "volume": "428913.48", "unit": "kg", "yoy_growth": "-5.25"}}, {"model": "trade_ledger.tradeproduct", "pk": 11, "fields": {"company": 34, "category": 6, "product_name": "Onion - Super", "hs_code": "0703.10", "description": "", "avg_price": "758.63", "currency": "USD", "volume": "331257.92", "unit": "ton", "yoy_growth": "-9.37"}}, {"model": "trade_ledger.tradeproduct", "pk": 12, "fields": {"company": 34, "category": 3, "product_name": "Kinnow (Citrus) - Standard", "hs_code": "0805.21", "description": "", "avg_price": "1802.40", "currency": "USD", "volume": "91644.47", "unit": "kg", "yoy_growth": "-6.88"}}, {"model": "trade_ledger.tradeproduct", "pk": 13, "fields": {"company": 34, "category": 5, "product_name": "Potato - Grade A", "hs_code": "0701.90", "description": "", "avg_price": "1310.86", "currency": "USD", "volume": "156728.27", "unit": "kg", "yoy_growth": "-3.59"}}, {"model": "trade_ledger.tradeproduct", "pk": 14, "fields": {"company": 35, "category": 7, "product_name": "Cotton - Super", "hs_code": "5201.00", "description": "", "avg_price": "1225.45", "currency": "USD", "volume": "373340.97", "unit": "kg", "yoy_growth": "23.68"}}, {"model": "trade_ledger.tradeproduct", "pk": 15, "fields": {"company": 35, "category": 7, "product_name": "Cotton - Grade A", "hs_code": "5201.00", "description": "", "avg_price": "641.54", "currency": "USD", "volume": "110148.47", "unit": "ton", "yoy_growth": "-10.55"}}, {"model": "trade_ledger.tradeproduct", "pk": 16, "fields": {"company": 35, "category": 7, "product_name": "Cotton - Standard", "hs_code": "5201.00", "description": "", "avg_price": "1397.40", "currency": "USD", "volume": "234699.37", "unit": "container", "yoy_growth": "-10.51"}}, {"model": "trade_ledger.tradeproduct", "pk": 17, "fields": {"company": 36, "category": 5, "product_name": "Potato - Grade A", "hs_code": "0701.90", "description": "", "avg_price": "441.14", "currency": "USD", "volume": "237314.12", "unit": "ton", "yoy_growth": "8.99"}}, {"model": "trade_ledger.tradeproduct", "pk": 18, "fields": {"company": 36, "category": 5, "product_name": "Potato - Grade A", "hs_code": "0701.90", "description": "", "avg_price": "1669.59", "currency": "USD", "volume": "203534.57", "unit": "kg", "yoy_growth": "-10.38"}}, {"model": "trade_ledger.tradeproduct", "pk": 19, "fields": {"company": 36, "category": 3, "product_name": "Kinnow (Citrus) - Standard", "hs_code": "0805.21", "description": "", "avg_price": "1932.75", "currency": "USD", "volume": "65928.79", "unit": "container", "yoy_growth": "-1.73"}}, {"model": "trade_ledger.tradeproduct", "pk": 20, "fields": {"company": 36, "category": 3, "product_name": "Kinnow (Citrus) - Premium", "hs_code": "0805.21", "description": "", "avg_price": "856.29", "currency": "USD", "volume": "38412.22", "unit": "container", "yoy_growth": "-5.95"}}, {"model": "trade_ledger.tradeproduct", "pk": 21, "fields": {"company": 36, "category": 10, "product_name": "Spices - Super", "hs_code": "0910.99", "description": "", "avg_price": "1315.60", "currency": "USD", "volume": "185650.03", "unit": "container", "yoy_growth": "15.41"}}, {"model": "trade_ledger.tradeproduct", "pk": 22, "fields": {"company": 37, "category": 4, "product_name": "Mango - Grade A", "hs_code": "0804.50", "description": "", "avg_price": "1691.97", "currency": "USD", "volume": "450012.87", "unit": "kg", "yoy_growth": "17.31"}}, {"model": "trade_ledger.tradeproduct", "pk": 23, "fields": {"company": 37, "category": 9, "product_name": "Dates - Standard", "hs_code": "0804.10", "description": "", "avg_price": "357.01", "currency": "USD", "volume": "456742.52", "unit": "ton", "yoy_growth": "24.56"}}, {"model": "trade_ledger.tradeproduct", "pk": 24, "fields": {"company": 37, "category": 4, "product_name": "Mango - Super", "hs_code": "0804.50", "description": "", "avg_price": "1731.10", "currency": "USD", "volume": "286704.42", "unit": "container", "yoy_growth": "-11.19"}}, {"model": "trade_ledger.tradeproduct", "pk": 25, "fields": {"company": 37, "category": 9, "product_name": "Dates - Standard", "hs_code": "0804.10", "description": "", "avg_price": "709.34", "currency": "USD", "volume": "59043.84", "unit": "container", "yoy_growth": "1.05"}}, {"model": "trade_ledger.tradeproduct", "pk": 26, "fields": {"company": 37, "category": 4, "product_name": "Mango - Grade A", "hs_code": "0804.50", "description": "", "avg_price": "812.42", "currency": "USD", "volume": "248581.40", "unit": "container", "yoy_growth": "-0.96"}}, {"model": "trade_ledger.tradeproduct", "pk": 27, "fields": {"company": 38, "category": 7, "product_name": "Cotton - Super", "hs_code": "5201.00", "description": "", "avg_price": "1052.80", "currency": "USD", "volume": "149783.29", "unit": "container", "yoy_growth": "26.55"}}, {"model": "trade_ledger.tradeproduct", "pk": 28, "fields": {"company": 38, "category": 7, "product_name": "Cotton - Grade A", "hs_code": "5201.00", "description": "", "avg_price": "560.05", "currency": "USD", "volume": "451487.71", "unit": "ton", "yoy_growth": "34.46"}}, {"model": "trade_ledger.tradeproduct", "pk": 29, "fields": {"company": 38, "category": 7, "product_name": "Cotton - Standard", "hs_code": "5201.00", "description": "", "avg_price": "1585.15", "currency": "USD", "volume": "474043.55", "unit": "ton", "yoy_growth": "2.73"}}, {"model": "trade_ledger.tradeproduct", "pk": 30, "fields": {"company": 38, "category": 7, "product_name": "Cotton - Standard", "hs_code": "5201.00", "description": "", "avg_price": "612.13", "currency": "USD", "volume": "477109.64", "unit": "container", "yoy_growth": "5.61"}}, {"model": "trade_ledger.tradeproduct", "pk": 31, "fields": {"company": 38, "category": 7, "product_name": "Cotton - Grade A", "hs_code": "5201.00", "description": "", "avg_price": "555.94", "currency": "USD", "volume": "340925.45", "unit": "ton", "yoy_growth": "16.09"}}, {"model": "trade_ledger.tradeproduct", "pk": 32, "fields": {"company": 39, "category": 2, "product_name": "Non-Basmati Rice - Super", "hs_code": "1006.10", "description": "", "avg_price": "1358.44", "currency": "USD", "volume": "470888.24", "unit": "container", "yoy_growth": "7.37"}}, {"model": "trade_ledger.tradeproduct", "pk": 33, "fields": {"company": 39, "category": 2, "product_name": "Non-Basmati Rice - Premium", "hs_code": "1006.10", "description": "", "avg_price": "247.47", "currency": "USD", "volume": "158734.76", "unit": "kg", "yoy_growth": "5.23"}}, {"model": "trade_ledger.tradeproduct", "pk": 34, "fields": {"company": 39, "category": 2, "product_name": "Non-Basmati Rice - Premium", "hs_code": "1006.10", "description": "", "avg_price": "1873.55", "currency": "USD", "volume": "238419.83", "unit": "container", "yoy_growth": "20.15"}}, {"model": "trade_ledger.tradeproduct", "pk": 35, "fields": {"company": 40, "category": 9, "product_name": "Dates - Standard", "hs_code": "0804.10", "description": "", "avg_price": "1282.37", "currency": "USD", "volume": "200038.14", "unit": "container", "yoy_growth": "18.86"}}, {"model": "trade_ledger.tradeproduct", "pk": 36, "fields": {"company": 40, "category": 9, "product_name": "Dates - Premium", "hs_code": "0804.10", "description": "", "avg_price": "304.87", "currency": "USD", "volume": "330312.25", "unit": "container", "yoy_growth": "33.24"}}, {"model": "trade_ledger.tradeproduct", "pk": 37, "fields": {"company": 41, "category": 5, "product_name": "Potato - Grade A", "hs_code": "0701.90", "description": "", "avg_price": "1340.80", "currency": "USD", "volume": "422904.48", "unit": "ton", "yoy_growth": "24.09"}}, {"model": "trade_ledger.tradeproduct", "pk": 38, "fields": {"company": 41, "category": 5, "product_name": "Potato - Grade A", "hs_code": "0701.90", "description": "", "avg_price": "855.70", "currency": "USD", "volume": "488006.56", "unit": "ton", "yoy_growth": "25.91"}}, {"model": "trade_ledger.tradeproduct", "pk": 39, "fields": {"company": 41, "category": 5, "product_name": "Potato - Standard", "hs_code": "0701.90", "description": "", "avg_price": "1237.10", "currency": "USD", "volume": "495450.74", "unit": "ton", "yoy_growth": "-12.56"}}, {"model": "trade_ledger.tradeproduct", "pk": 40, "fields": {"company": 41, "category": 6, "product_name": "Onion - Grade A", "hs_code": "0703.10", "description": "", "avg_price": "1081.67", "currency": "USD", "volume": "183047.76", "unit": "container", "yoy_growth": "-0.27"}}, {"model": "trade_ledger.tradeproduct", "pk": 41, "fields": {"company": 41, "category": 5, "product_name": "Potato - Standard", "hs_code": "0701.90", "description": "", "avg_price": "918.32", "currency": "USD", "volume": "467402.83", "unit": "ton", "yoy_growth": "-12.32"}}, {"model": "trade_ledger.tradeproduct", "pk": 42, "fields": {"company": 42, "category": 8, "product_name": "Wheat - Standard", "hs_code": "1001.99", "description": "", "avg_price": "1910.23", "currency": "USD", "volume": "127277.75", "unit": "ton", "yoy_growth": "20.14"}}, {"model": "trade_ledger.tradeproduct", "pk": 43, "fields": {"company": 42, "category": 5, "product_name": "Potato - Super", "hs_code": "0701.90", "description": "", "avg_price": "509.70", "currency": "USD", "volume": "172068.34", "unit": "kg", "yoy_growth": "-2.57"}}, {"model": "trade_ledger.tradeproduct", "pk": 44, "fields": {"company": 43, "category": 2, "product_name": "Non-Basmati Rice - Standard", "hs_code": "1006.10", "description": "", "avg_price": "1162.20", "currency": "USD", "volume": "418208.18", "unit": "container", "yoy_growth": "-5.89"}}, {"model": "trade_ledger.tradeproduct", "pk": 45, "fields": {"company": 43, "category": 2, "product_name": "Non-Basmati Rice - Grade A", "hs_code": "1006.10", "description": "", "avg_price": "314.83", "currency": "USD", "volume": "12167.96", "unit": "kg", "yoy_growth": "20.81"}}, {"model": "trade_ledger.tradeproduct", "pk": 46, "fields": {"company": 43, "category": 2, "product_name": "Non-Basmati Rice - Super", "hs_code": "1006.10", "description": "", "avg_price": "1824.92", "currency": "USD", "volume": "361432.50", "unit": "ton", "yoy_growth": "-14.34"}}, {"model": "trade_ledger.tradeproduct", "pk": 47, "fields": {"company": 43, "category": 8, "product_name": "Wheat - Premium", "hs_code": "1001.99", "description": "", "avg_price": "550.17", "currency": "USD", "volume": "226459.82", "unit": "container", "yoy_growth": "0.40"}}, {"model": "trade_ledger.tradeproduct", "pk": 48, "fields": {"company": 44, "category": 4, "product_name": "Mango - Standard", "hs_code": "0804.50", "description": "", "avg_price": "1653.22", "currency": "USD", "volume": "49108.49", "unit": "ton", "yoy_growth": "3.75"}}, {"model": "trade_ledger.tradeproduct", "pk": 49, "fields": {"company": 44, "category": 3, "product_name": "Kinnow (Citrus) - Premium", "hs_code": "0805.21", "description": "", "avg_price": "1781.72", "currency": "USD", "volume": "338757.79", "unit": "kg", "yoy_growth": "0.97"}}, {"model": "trade_ledger.tradeproduct", "pk": 50, "fields": {"company": 44, "category": 4, "product_name": "Mango - Standard", "hs_code": "0804.50", "description": "", "avg_price": "1431.38", "currency": "USD", "volume": "207238.16", "unit": "container", "yoy_growth": "32.38"}}, {"model": "trade_ledger.tradeproduct", "pk": 51, "fields": {"company": 44, "category": 4, "product_name": "Mango - Premium", "hs_code": "0804.50", "description": "", "avg_price": "1032.16", "currency": "USD", "volume": "230401.83", "unit": "container", "yoy_growth": "28.55"}}, {"model": "trade_ledger.tradeproduct", "pk": 52, "fields": {"company": 44, "category": 3, "product_name": "Kinnow (Citrus) - Premium", "hs_code": "0805.21", "description": "", "avg_price": "493.01", "currency": "USD", "volume": "169686.31", "unit": "container", "yoy_growth": "-9.07"}}, {"model": "trade_ledger.tradeproduct", "pk": 53, "fields": {"company": 45, "category": 2, "product_name": "Non-Basmati Rice - Grade A", "hs_code": "1006.10", "description": "", "avg_price": "1810.71", "currency": "USD", "volume": "343199.45", "unit": "container", "yoy_growth": "26.25"}}, {"model": "trade_ledger.tradeproduct", "pk": 54, "fields": {"company": 45, "category": 1, "product_name": "Basmati Rice - Grade A", "hs_code": "1006.30", "description": "", "avg_price": "1646.89", "currency": "USD", "volume": "10028.08", "unit": "container", "yoy_growth": "-12.55"}}, {"model": "trade_ledger.tradeproduct", "pk": 55, "fields": {"company": 45, "category": 1, "product_name": "Basmati Rice - Grade A", "hs_code": "1006.30", "description": "", "avg_price": "887.93", "currency": "USD", "volume": "153399.99", "unit": "kg", "yoy_growth": "-4.37"}}, {"model": "trade_ledger.tradepartner", "pk": 1, "fields": {"company": 31, "country": "Afghanistan", "port_name": "Chaman Border", "trade_volume": "1506081.92", "percentage_share": "28.54", "is_export": true}}, {"model": "trade_ledger.tradepartner", "pk": 2, "fields": {"company": 31, "country": "Iran", "port_name": "Gwadar Port", "trade_volume": "1736427.66", "percentage_share": "32.90", "is_export": true}}, {"model": "trade_ledger.tradepartner", "pk": 3, "fields": {"company": 31, "country": "UK", "port_name": "London Gateway", "trade_volume": "1257994.74", "percentage_share": "23.84", "is_export": true}}, {"model": "trade_ledger.tradepartner", "pk": 4, "fields": {"company": 31, "country": "USA", "port_name": "New York Port", "trade_volume": "413914.18", "percentage_share": "7.84", "is_export": true}}, {"model": "trade_ledger.tradepartner", "pk": 5, "fields": {"company": 31, "country": "UAE", "port_name": "Dubai Port", "trade_volume": "363184.72", "percentage_share": "6.88", "is_export": true}}, {"model": "trade_ledger.tradepartner", "pk": 6, "fields": {"company": 32, "country": "Bangladesh", "port_name": "Chittagong Port", "trade_volume": "6191702.71", "percentage_share": "18.95", "is_export": true}}, {"model": "trade_ledger.tradepartner", "pk": 7, "fields": {"company": 32, "country": "UK", "port_name": "London Gateway", "trade_volume": "3451710.01", "percentage_share": "10.57", "is_export": true}}, {"model": "trade_ledger.tradepartner", "pk": 8, "fields": {"company": 32, "country": "Afghanistan", "port_name": "Chaman Border", "trade_volume": "4438275.52", "percentage_share": "13.59", "is_export": true}}, {"model": "trade_ledger.tradepartner", "pk": 9, "fields": {"company": 32, "country": "China", "port_name": "Shenzhen Port", "trade_volume": "18587505.23", "percentage_share": "56.90", "is_export": true}}, {"model": "trade_ledger.tradepartner", "pk": 10, "fields": {"company": 33, "country": "China", "port_name": "Shanghai Port", "trade_volume": "3792271.45", "percentage_share": "19.37", "is_export": true}}, {"model": "trade_ledger.tradepartner", "pk": 11, "fields": {"company": 33, "country": "Bangladesh", "port_name": "Mongla Port", "trade_volume": "2012336.71", "percentage_share": "10.28", "is_export": true}}, {"model": "trade_ledger.tradepartner", "pk": 12, "fields": {"company": 33, "country": "UAE", "port_name": "Jebel Ali", "trade_volume": "4095556.47", "percentage_share": "20.91", "is_export": true}}, {"model": "trade_ledger.tradepartner", "pk": 13, "fields": {"company": 33, "country": "Saudi Arabia", "port_name": "King Abdullah Port", "trade_volume": "1058727.64", "percentage_share": "5.41", "is_export": true}}, {"model": "trade_ledger.tradepartner", "pk": 14, "fields": {"company": 33, "country": "USA", "port_name": "Houston Port", "trade_volume": "8623205.39", "percentage_share": "44.04", "is_export": true}}, {"model": "trade_ledger.tradepartner", "pk": 15, "fields": {"company": 34, "country": "UK", "port_name": "London Gateway", "trade_volume": "4503078.48", "percentage_share": "24.90", "is_export": true}}, {"model": "trade_ledger.tradepartner", "pk": 16, "fields": {"company": 34, "country": "Sri Lanka", "port_name": "Colombo Port", "trade_volume": "5687380.93", "percentage_share": "31.44", "is_export": true}}, {"model": "trade_ledger.tradepartner", "pk": 17, "fields": {"company": 34, "country": "Bangladesh", "port_name": "Chittagong Port", "trade_volume": "4929438.28", "percentage_share": "27.25", "is_export": true}}, {"model": "trade_ledger.tradepartner", "pk": 18, "fields": {"company": 34, "country": "USA", "port_name": "Houston Port", "trade_volume": "1663447.64", "percentage_share": "9.20", "is_export": true}}, {"model": "trade_ledger.tradepartner", "pk": 19, "fields": {"company": 34, "country": "Afghanistan", "port_name": "Karachi Port", "trade_volume": "1303629.36", "percentage_share": "7.21", "is_export": true}}, {"model": "trade_ledger.tradepartner", "pk": 20, "fields": {"company": 35, "country": "China", "port_name": "Shenzhen Port", "trade_volume": "6997464.37", "percentage_share": "28.26", "is_export": true}}, {"model": "trade_ledger.tradepartner", "pk": 21, "fields": {"company": 35, "country": "Sri Lanka", "port_name": "Colombo Port", "trade_volume": "1554779.09", "percentage_share": "6.28", "is_export": true}}, {"model": "trade_ledger.tradepartner", "pk": 22, "fields": {"company": 35, "country": "UK", "port_name": "London Gateway", "trade_volume": "5727342.86", "percentage_share": "23.13", "is_export": true}}, {"model": "trade_ledger.tradepartner", "pk": 23, "fields": {"company": 35, "country": "Iran", "port_name": "Chabahar Port", "trade_volume": "7330153.48", "percentage_share": "29.60", "is_export": true}}, {"model": "trade_ledger.tradepartner", "pk": 24, "fields": {"company": 35, "country": "Bangladesh", "port_name": "Mongla Port", "trade_volume": "1871726.97", "percentage_share": "7.56", "is_export": true}}, {"model": "trade_ledger.tradepartner", "pk": 25, "fields": {"company": 35, "country": "USA", "port_name": "Houston Port", "trade_volume": "1283425.41", "percentage_share": "5.18", "is_export": true}}, {"model": "trade_ledger.tradepartner", "pk": 26, "fields": {"company": 36, "country": "Afghanistan", "port_name": "Torkham Border", "trade_volume": "10917840.83", "percentage_share": "30.01", "is_export": true}}, {"model": "trade_ledger.tradepartner", "pk": 27, "fields": {"company": 36, "country": "Iran", "port_name": "Gwadar Port", "trade_volume": "12474163.59", "percentage_share": "34.29", "is_export": true}}, {"model": "trade_ledger.tradepartner", "pk": 28, "fields": {"company": 36, "country": "UK", "port_name": "London Gateway", "trade_volume": "2434237.10", "percentage_share": "6.69", "is_export": true}}, {"model": "trade_ledger.tradepartner", "pk": 29, "fields": {"company": 36, "country": "Malaysia", "port_name": "Port Klang", "trade_volume": "2435087.87", "percentage_share": "6.69", "is_export": true}}, {"model": "trade_ledger.tradepartner", "pk": 30, "fields": {"company": 36, "country": "Saudi Arabia", "port_name": "King Abdullah Port", "trade_volume": "2051688.20", "percentage_share": "5.64", "is_export": true}}, {"model": "trade_ledger.tradepartner", "pk": 31, "fields": {"company": 36, "country": "Sri Lanka", "port_name": "Colombo Port", "trade_volume": "2201548.52", "percentage_share": "6.05", "is_export": true}}, {"model": "trade_ledger.tradepartner", "pk": 32, "fields": {"company": 36, "country": "China", "port_name": "Shanghai Port", "trade_volume": "1997470.83", "percentage_share": "5.49", "is_export": true}}, {"model": "trade_ledger.tradepartner", "pk": 33, "fields": {"company": 36, "country": "USA", "port_name": "New York Port", "trade_volume": "1868671.06", "percentage_share": "5.14", "is_export": true}}, {"model": "trade_ledger.tradepartner", "pk": 34, "fields": {"company": 37, "country": "Afghanistan", "port_name": "Karachi Port", "trade_volume": "247954.34", "percentage_share": "5.14", "is_export": true}}, {"model": "trade_ledger.tradepartner", "pk": 35, "fields": {"company": 37, "country": "Saudi Arabia", "port_name": "King Abdullah Port", "trade_volume": "1233303.87", "percentage_share": "25.55", "is_export": true}}, {"model": "trade_ledger.tradepartner", "pk": 36, "fields": {"company": 37, "country": "USA", "port_name": "New York Port", "trade_volume": "672981.39", "percentage_share": "13.94", "is_export": true}}, {"model": "trade_ledger.tradepartner", "pk": 37, "fields": {"company": 37, "country": "Sri Lanka", "port_name": "Colombo Port", "trade_volume": "348797.00", "percentage_share": "7.23", "is_export": true}}, {"model": "trade_ledger.tradepartner", "pk": 38, "fields": {"company": 37, "country": "Bangladesh", "port_name": "Mongla Port", "trade_volume": "2323438.04", "percentage_share": "48.14", "is_export": true}}, {"model": "trade_ledger.tradepartner", "pk": 39, "fields": {"company": 38, "country": "Saudi Arabia", "port_name": "Dammam Port", "trade_volume": "2968339.43", "percentage_share": "32.30", "is_export": true}}, {"model": "trade_ledger.tradepartner", "pk": 40, "fields": {"company": 38, "country": "China", "port_name": "Shanghai Port", "trade_volume": "554727.75", "percentage_share": "6.04", "is_export": true}}, {"model": "trade_ledger.tradepartner", "pk": 41, "fields": {"company": 38, "country": "UK", "port_name": "Southampton Port", "trade_volume": "627209.00", "percentage_share": "6.82", "is_export": true}}, {"model": "trade_ledger.tradepartner", "pk": 42, "fields": {"company": 38, "country": "USA", "port_name": "New York Port", "trade_volume": "1818102.76", "percentage_share": "19.78", "is_export": true}}, {"model": "trade_ledger.tradepartner", "pk": 43, "fields": {"company": 38, "country": "Bangladesh", "port_name": "Chittagong Port", "trade_volume": "941323.45", "percentage_share": "10.24", "is_export": true}}, {"model": "trade_ledger.tradepartner", "pk": 44, "fields": {"company": 38, "country": "Sri Lanka", "port_name": "Colombo Port", "trade_volume": "2281008.46", "percentage_share": "24.82", "is_export": true}}, {"model": "trade_ledger.tradepartner", "pk": 45, "fields": {"company": 39, "country": "UAE", "port_name": "Dubai Port", "trade_volume": "2627751.92", "percentage_share": "10.27", "is_export": true}}, {"model": "trade_ledger.tradepartner", "pk": 46, "fields": {"company": 39, "country": "Saudi Arabia", "port_name": "King Abdullah Port", "trade_volume": "3365686.60", "percentage_share": "13.15", "is_export": true}}, {"model": "trade_ledger.tradepartner", "pk": 47, "fields": {"company": 39, "country": "Sri Lanka", "port_name": "Colombo Port", "trade_volume": "2653676.17", "percentage_share": "10.37", "is_export": true}}, {"model": "trade_ledger.tradepartner", "pk": 48, "fields": {"company": 39, "country": "Malaysia", "port_name": "Penang Port", "trade_volume": "1775641.39", "percentage_share": "6.94", "is_export": true}}, {"model": "trade_ledger.tradepartner", "pk": 49, "fields": {"company": 39, "country": "Bangladesh", "port_name": "Chittagong Port", "trade_volume": "7541715.78", "percentage_share": "29.46", "is_export": true}}, {"model": "trade_ledger.tradepartner", "pk": 50, "fields": {"company": 39, "country": "Iran", "port_name": "Chabahar Port", "trade_volume": "4494286.98", "percentage_share": "17.56", "is_export": true}}, {"model": "trade_ledger.tradepartner", "pk": 51, "fields": {"company": 39, "country": "UK", "port_name": "Felixstowe", "trade_volume": "1766259.72", "percentage_share": "6.90", "is_export": true}}, {"model": "trade_ledger.tradepartner", "pk": 52, "fields": {"company": 39, "country": "China", "port_name": "Shanghai Port", "trade_volume": "1370586.74", "percentage_share": "5.35", "is_export": true}}, {"model": "trade_ledger.tradepartner", "pk": 53, "fields": {"company": 40, "country": "Bangladesh", "port_name": "Mongla Port", "trade_volume": "4768351.98", "percentage_share": "13.95", "is_export": true}}, {"model": "trade_ledger.tradepartner", "pk": 54, "fields": {"company": 40, "country": "Sri Lanka", "port_name": "Colombo Port", "trade_volume": "4167294.88", "percentage_share": "12.19", "is_export": true}}, {"model": "trade_ledger.tradepartner", "pk": 55, "fields": {"company": 40, "country": "China", "port_name": "Shanghai Port", "trade_volume": "25241307.12", "percentage_share": "73.85", "is_export": true}}, {"model": "trade_ledger.tradepartner", "pk": 56, "fields": {"company": 41, "country": "Malaysia", "port_name": "Penang Port", "trade_volume": "71849.80", "percentage_share": "12.86", "is_export": true}}, {"model": "trade_ledger.tradepartner", "pk": 57, "fields": {"company": 41, "country": "China", "port_name": "Guangzhou Port", "trade_volume": "101535.47", "percentage_share": "18.17", "is_export": true}}, {"model": "trade_ledger.tradepartner", "pk": 58, "fields": {"company": 41, "country": "Sri Lanka", "port_name": "Colombo Port", "trade_volume": "112521.97", "percentage_share": "20.13", "is_export": true}}, {"model": "trade_ledger.tradepartner", "pk": 59, "fields": {"company": 41, "country": "Saudi Arabia", "port_name": "Jeddah Islamic Port", "trade_volume": "119286.82", "percentage_share": "21.35", "is_export": true}}, {"model": "trade_ledger.tradepartner", "pk": 60, "fields": {"company": 41, "country": "UAE", "port_name": "Abu Dhabi Port", "trade_volume": "29097.99", "percentage_share": "5.21", "is_export": true}}, {"model": "trade_ledger.tradepartner", "pk": 61, "fields": {"company": 41, "country": "Afghanistan", "port_name": "Karachi Port", "trade_volume": "29563.85", "percentage_share": "5.29", "is_export": true}}, {"model": "trade_ledger.tradepartner", "pk": 62, "fields": {"company": 41, "country": "UK", "port_name": "Felixstowe", "trade_volume": "94985.07", "percentage_share": "17.00", "is_export": true}}, {"model": "trade_ledger.tradepartner", "pk": 63, "fields": {"company": 42, "country": "Bangladesh", "port_name": "Chittagong Port", "trade_volume": "11537184.26", "percentage_share": "29.75", "is_export": true}}, {"model": "trade_ledger.tradepartner", "pk": 64, "fields": {"company": 42, "country": "Malaysia", "port_name": "Penang Port", "trade_volume": "4397010.54", "percentage_share": "11.34", "is_export": true}}, {"model": "trade_ledger.tradepartner", "pk": 65, "fields": {"company": 42, "country": "UAE", "port_name": "Jebel Ali", "trade_volume": "11168155.98", "percentage_share": "28.80", "is_export": true}}, {"model": "trade_ledger.tradepartner", "pk": 66, "fields": {"company": 42, "country": "Iran", "port_name": "Chabahar Port", "trade_volume": "3155138.97", "percentage_share": "8.14", "is_export": true}}, {"model": "trade_ledger.tradepartner", "pk": 67, "fields": {"company": 42, "country": "Sri Lanka", "port_name": "Colombo Port", "trade_volume": "2105355.58", "percentage_share": "5.43", "is_export": true}}, {"model": "trade_ledger.tradepartner", "pk": 68, "fields": {"company": 42, "country": "USA", "port_name": "Houston Port", "trade_volume": "2101704.90", "percentage_share": "5.42", "is_export": true}}, {"model": "trade_ledger.tradepartner", "pk": 69, "fields": {"company": 42, "country": "China", "port_name": "Guangzhou Port", "trade_volume": "1940815.64", "percentage_share": "5.01", "is_export": true}}, {"model": "trade_ledger.tradepartner", "pk": 70, "fields": {"company": 42, "country": "Afghanistan", "port_name": "Karachi Port", "trade_volume": "2369282.91", "percentage_share": "6.11", "is_export": true}}, {"model": "trade_ledger.tradepartner", "pk": 71, "fields": {"company": 43, "country": "USA", "port_name": "New York Port", "trade_volume": "8663872.95", "percentage_share": "23.42", "is_export": false}}, {"model": "trade_ledger.tradepartner", "pk": 72, "fields": {"company": 43, "country": "UK", "port_name": "Felixstowe", "trade_volume": "5345094.84", "percentage_share": "14.45", "is_export": false}}, {"model": "trade_ledger.tradepartner", "pk": 73, "fields": {"company": 43, "country": "Malaysia", "port_name": "Penang Port", "trade_volume": "8917380.38", "percentage_share": "24.10", "is_export": false}}, {"model": "trade_ledger.tradepartner", "pk": 74, "fields": {"company": 43, "country": "Sri Lanka", "port_name": "Colombo Port", "trade_volume": "10842107.31", "percentage_share": "29.30", "is_export": false}}, {"model": "trade_ledger.tradepartner", "pk": 75, "fields": {"company": 43, "country": "Afghanistan", "port_name": "Torkham Border", "trade_volume": "3232832.30", "percentage_share": "8.74", "is_export": false}}, {"model": "trade_ledger.tradepartner", "pk": 76, "fields": {"company": 44, "country": "Iran", "port_name": "Gwadar Port", "trade_volume": "5250644.86", "percentage_share": "21.64", "is_export": true}}, {"model": "trade_ledger.tradepartner", "pk": 77, "fields": {"company": 44, "country": "Malaysia", "port_name": "Port Klang", "trade_volume": "4056048.46", "percentage_share": "16.71", "is_export": true}}, {"model": "trade_ledger.tradepartner", "pk": 78, "fields": {"company": 44, "country": "Sri Lanka", "port_name": "Colombo Port", "trade_volume": "4480187.66", "percentage_share": "18.46", "is_export": true}}, {"model": "trade_ledger.tradepartner", "pk": 79, "fields": {"company": 44, "country": "Bangladesh", "port_name": "Mongla Port", "trade_volume": "5084890.00", "percentage_share": "20.95", "is_export": true}}, {"model": "trade_ledger.tradepartner", "pk": 80, "fields": {"company": 44, "country": "Saudi Arabia", "port_name": "Dammam Port", "trade_volume": "2326568.92", "percentage_share": "9.59", "is_export": true}}, {"model": "trade_ledger.tradepartner", "pk": 81, "fields": {"company": 44, "country": "UK", "port_name": "Southampton Port", "trade_volume": "1807885.76", "percentage_share": "7.45", "is_export": true}}, {"model": "trade_ledger.tradepartner", "pk": 82, "fields": {"company": 44, "country": "Afghanistan", "port_name": "Karachi Port", "trade_volume": "1261438.34", "percentage_share": "5.20", "is_export": true}}, {"model": "trade_ledger.tradepartner", "pk": 83, "fields": {"company": 45, "country": "Sri Lanka", "port_name": "Colombo Port", "trade_volume": "1822368.61", "percentage_share": "22.75", "is_export": true}}, {"model": "trade_ledger.tradepartner", "pk": 84, "fields": {"company": 45, "country": "Saudi Arabia", "port_name": "King Abdullah Port", "trade_volume": "546322.25", "percentage_share": "6.82", "is_export": true}}, {"model": "trade_ledger.tradepartner", "pk": 85, "fields": {"company": 45, "country": "Bangladesh", "port_name": "Mongla Port", "trade_volume": "1425816.78", "percentage_share": "17.80", "is_export": true}}, {"model": "trade_ledger.tradepartner", "pk": 86, "fields": {"company": 45, "country": "UAE", "port_name": "Abu Dhabi Port", "trade_volume": "1712245.49", "percentage_share": "21.38", "is_export": true}}, {"model": "trade_ledger.tradepartner", "pk": 87, "fields": {"company": 45, "country": "USA", "port_name": "New York Port", "trade_volume": "537221.86", "percentage_share": "6.71", "is_export": true}}, {"model": "trade_ledger.tradepartner", "pk": 88, "fields": {"company": 45, "country": "UK", "port_name": "Felixstowe", "trade_volume": "848245.98", "percentage_share": "10.59", "is_export": true}}, {"model": "trade_ledger.tradepartner", "pk": 89, "fields": {"company": 45, "country": "Iran", "port_name": "Gwadar Port", "trade_volume": "609280.27", "percentage_share": "7.61", "is_export": true}}, {"model": "trade_ledger.tradepartner", "pk": 90, "fields": {"company": 45, "country": "Afghanistan", "port_name": "Torkham Border", "trade_volume": "507606.28", "percentage_share": "6.34", "is_export": true}}, {"model": "trade_ledger.tradetrend", "pk": 1, "fields": {"company": 31, "product": 3, "month": 12, "year": 2025, "volume": "25925.23", "avg_price": "1611.95", "yoy_volume_growth": "-1.62", "yoy_price_growth": "-0.94"}}, {"model": "trade_ledger.tradetrend", "pk": 2, "fields": {"company": 31, "product": 2, "month": 12, "year": 2025, "volume": "701.87", "avg_price": "1706.90", "yoy_volume_growth": "8.35", "yoy_price_growth": "11.72"}}, {"model": "trade_ledger.tradetrend", "pk": 3, "fields": {"company": 31, "product": 2, "month": 11, "year": 2025, "volume": "634.48", "avg_price": "1944.75", "yoy_volume_growth": "18.83", "yoy_price_growth": "12.18"}}, {"model": "trade_ledger.tradetrend", "pk": 4, "fields": {"company": 31, "product": 1, "month": 11, "year": 2025, "volume": "26143.22", "avg_price": "1714.92", "yoy_volume_growth": "24.45", "yoy_price_growth": "2.41"}}, {"model": "trade_ledger.tradetrend", "pk": 5, "fields": {"company": 31, "product": 1, "month": 10, "year": 2025, "volume": "27217.01", "avg_price": "1989.93", "yoy_volume_growth": "6.53", "yoy_price_growth": "11.42"}}, {"model": "trade_ledger.tradetrend", "pk": 6, "fields": {"company": 31, "product": 3, "month": 10, "year": 2025, "volume": "32191.26", "avg_price": "1775.87", "yoy_volume_growth": "10.23", "yoy_price_growth": "-0.77"}}, {"model": "trade_ledger.tradetrend", "pk": 7, "fields": {"company": 31, "product": 2, "month": 9, "year": 2025, "volume": "629.35", "avg_price": "1853.22", "yoy_volume_growth": "-0.88", "yoy_price_growth": "6.74"}}, {"model": "trade_ledger.tradetrend", "pk": 8, "fields": {"company": 31, "product": 3, "month": 9, "year": 2025, "volume": "32078.13", "avg_price": "1621.29", "yoy_volume_growth": "5.52", "yoy_price_growth": "2.39"}}, {"model": "trade_ledger.tradetrend", "pk": 9, "fields": {"company": 31, "product": 1, "month": 8, "year": 2025, "volume": "26470.93", "avg_price": "1913.55", "yoy_volume_growth": "18.21", "yoy_price_growth": "2.49"}}, {"model": "trade_ledger.tradetrend", "pk": 10, "fields": {"company": 31, "product": 3, "month": 8, "year": 2025, "volume": "23063.73", "avg_price": "1689.90", "yoy_volume_growth": "2.14", "yoy_price_growth": "4.38"}}, {"model": "trade_ledger.tradetrend", "pk": 11, "fields": {"company": 31, "product": 3, "month": 7, "year": 2025, "volume": "28821.73", "avg_price": "1726.63", "yoy_volume_growth": "19.78", "yoy_price_growth": "4.93"}}, {"model": "trade_ledger.tradetrend", "pk": 12, "fields": {"company": 31, "product": 2, "month": 7, "year": 2025, "volume": "744.09", "avg_price": "2019.66", "yoy_volume_growth": "7.32", "yoy_price_growth": "-1.83"}}, {"model": "trade_ledger.tradetrend", "pk": 13, "fields": {"company": 31, "product": 3, "month": 6, "year": 2025, "volume": "31758.52", "avg_price": "1820.36", "yoy_volume_growth": "0.19", "yoy_price_growth": "-2.95"}}, {"model": "trade_ledger.tradetrend", "pk": 14, "fields": {"company": 31, "product": 1, "month": 6, "year": 2025, "volume": "21976.08", "avg_price": "1686.18", "yoy_volume_growth": "-2.19", "yoy_price_growth": "5.24"}}, {"model": "trade_ledger.tradetrend", "pk": 15, "fields": {"company": 31, "product": 1, "month": 5, "year": 2025, "volume": "28302.97", "avg_price": "1728.07", "yoy_volume_growth": "1.34", "yoy_price_growth": "7.44"}}, {"model": "trade_ledger.tradetrend", "pk": 16, "fields": {"company": 31, "product": 2, "month": 5, "year": 2025, "volume": "681.49", "avg_price": "1948.38", "yoy_volume_growth": "0.66", "yoy_price_growth": "3.87"}}, {"model": "trade_ledger.tradetrend", "pk": 17, "fields": {"company": 31, "product": 3, "month": 4, "year": 2025, "volume": "26990.72", "avg_price": "1528.99", "yoy_volume_growth": "21.62", "yoy_price_growth": "7.51"}}, {"model": "trade_ledger.tradetrend", "pk": 18, "fields": {"company": 31, "product": 2, "month": 4, "year": 2025, "volume": "649.42", "avg_price": "1770.00", "yoy_volume_growth": "4.77", "yoy_price_growth": "14.21"}}, {"model": "trade_ledger.tradetrend", "pk": 19, "fields": {"company": 31, "product": 1, "month": 3, "year": 2025, "volume": "22350.37", "avg_price": "1684.58", "yoy_volume_growth": "12.79", "yoy_price_growth": "2.18"}}, {"model": "trade_ledger.tradetrend", "pk": 20, "fields": {"company": 31, "product": 3, "month": 3, "year": 2025, "volume": "24208.46", "avg_price": "1723.76", "yoy_volume_growth": "11.59", "yoy_price_growth": "5.10"}}, {"model": "trade_ledger.tradetrend", "pk": 21, "fields": {"company": 31, "product": 2, "month": 2, "year": 2025, "volume": "562.20", "avg_price": "1711.39", "yoy_volume_growth": "-7.44", "yoy_price_growth": "5.04"}}, {"model": "trade_ledger.tradetrend", "pk": 22, "fields": {"company": 31, "product": 1, "month": 2, "year": 2025, "volume": "25926.99", "avg_price": "1743.87", "yoy_volume_growth": "24.70", "yoy_price_growth": "13.21"}}, {"model": "trade_ledger.tradetrend", "pk": 23, "fields": {"company": 31, "product": 2, "month": 1, "year": 2025, "volume": "800.91", "avg_price": "1967.81", "yoy_volume_growth": "20.61", "yoy_price_growth": "7.51"}}, {"model": "trade_ledger.tradetrend", "pk": 24, "fields": {"company": 31, "product": 3, "month": 1, "year": 2025, "volume": "33317.94", "avg_price": "1528.91", "yoy_volume_growth": "-7.63", "yoy_price_growth": "5.90"}}, {"model": "trade_ledger.tradetrend", "pk": 25, "fields": {"company": 31, "product": 1, "month": 12, "year": 2024, "volume": "27117.69", "avg_price": "2050.52", "yoy_volume_growth": null, "yoy_price_growth": null}}, {"model": "trade_ledger.tradetrend", "pk": 26, "fields": {"company": 31, "product": 2, "month": 12, "year": 2024, "volume": "708.50", "avg_price": "1921.09", "yoy_volume_growth": null, "yoy_price_growth": null}}, {"model": "trade_ledger.tradetrend", "pk": 27, "fields": {"company": 31, "product": 2, "month": 11, "year": 2024, "volume": "822.06", "avg_price": "1808.28", "yoy_volume_growth": null, "yoy_price_growth": null}}, {"model": "trade_ledger.tradetrend", "pk": 28, "fields": {"company": 31, "product": 3, "month": 11, "year": 2024, "volume": "33243.03", "avg_price": "1842.96", "yoy_volume_growth": null, "yoy_price_growth": null}}, {"model": "trade_ledger.tradetrend", "pk": 29, "fields": {"company": 31, "product": 3, "month": 10, "year": 2024, "volume": "26977.38", "avg_price": "1582.58", "yoy_volume_growth": null, "yoy_price_growth": null}}, {"model": "trade_ledger.tradetrend", "pk": 30, "fields": {"company": 31, "product": 1, "month": 10, "year": 2024, "volume": "20103.53", "avg_price": "1869.19", "yoy_volume_growth": null, "yoy_price_growth": null}}, {"model": "trade_ledger.tradetrend", "pk": 31, "fields": {"company": 31, "product": 3, "month": 9, "year": 2024, "volume": "24290.07", "avg_price": "1812.80", "yoy_volume_growth": null, "yoy_price_growth": null}}, {"model": "trade_ledger.tradetrend", "pk": 32, "fields": {"company": 31, "product": 1, "month": 9, "year": 2024, "volume": "23279.73", "avg_price": "1951.26", "yoy_volume_growth": null, "yoy_price_growth": null}}, {"model": "trade_ledger.tradetrend", "pk": 33, "fields": {"company": 31, "product": 1, "month": 8, "year": 2024, "volume": "22086.52", "avg_price": "2047.69", "yoy_volume_growth": null, "yoy_price_growth": null}}, {"model": "trade_ledger.tradetrend", "pk": 34, "fields": {"company": 31, "product": 2, "month": 8, "year": 2024, "volume": "757.74", "avg_price": "1879.14", "yoy_volume_growth": null, "yoy_price_growth": null}}, {"model": "trade_ledger.tradetrend", "pk": 35, "fields": {"company": 31, "product": 1, "month": 7, "year": 2024, "volume": "22330.32", "avg_price": "1790.72", "yoy_volume_growth": null, "yoy_price_growth": null}}, {"model": "trade_ledger.tradetrend", "pk": 36, "fields": {"company": 31, "product": 3, "month": 7, "year": 2024, "volume": "24562.39", "avg_price": "1713.52", "yoy_volume_growth": null, "yoy_price_growth": null}}, {"model": "trade_ledger.tradetrend", "pk": 37, "fields": {"company": 31, "product": 3, "month": 6, "year": 2024, "volume": "29245.67", "avg_price": "1676.47", "yoy_volume_growth": null, "yoy_price_growth": null}}, {"model": "trade_ledger.tradetrend", "pk": 38, "fields": {"company": 31, "product": 1, "month": 6, "year": 2024, "volume": "27112.52", "avg_price": "1684.35", "yoy_volume_growth": null, "yoy_price_growth": null}}, {"model": "trade_ledger.tradetrend", "pk": 39, "fields": {"company": 31, "product": 2, "month": 5, "year": 2024, "volume": "585.24", "avg_price": "1919.34", "yoy_volume_growth": null, "yoy_price_growth": null}}, {"model": "trade_ledger.tradetrend", "pk": 40, "fields": {"company": 31, "product": 1, "month": 5, "year": 2024, "volume": "23436.05", "avg_price": "1958.58", "yoy_volume_growth": null, "yoy_price_growth": null}}, {"model": "trade_ledger.tradetrend", "pk": 41, "fields": {"company": 31, "product": 1, "month": 4, "year": 2024, "volume": "19529.77", "avg_price": "1702.92", "yoy_volume_growth": null, "yoy_price_growth": null}}, {"model": "trade_ledger.tradetrend", "pk": 42, "fields": {"company": 31, "product": 3, "month": 4, "year": 2024, "volume": "29187.05", "avg_price": "1633.84", "yoy_volume_growth": null, "yoy_price_growth": null}}, {"model": "trade_ledger.tradetrend", "pk": 43, "fields": {"company": 31, "product": 3, "month": 3, "year": 2024, "volume": "32037.66", "avg_price": "1611.98", "yoy_volume_growth": null, "yoy_price_growth": null}}, {"model": "trade_ledger.tradetrend", "pk": 44, "fields": {"company": 31, "product": 1, "month": 3, "year": 2024, "volume": "23576.23", "avg_price": "2025.95", "yoy_volume_growth": null, "yoy_price_growth": null}}, {"model": "trade_ledger.tradetrend", "pk": 45, "fields": {"company": 31, "product": 3, "month": 2, "year": 2024, "volume": "34041.93", "avg_price": "1602.05", "yoy_volume_growth": null, "yoy_price_growth": null}}, {"model": "trade_ledger.tradetrend", "pk": 46, "fields": {"company": 31, "product": 2, "month": 2, "year": 2024, "volume": "650.31", "avg_price": "1909.25", "yoy_volume_growth": null, "yoy_price_growth": null}}, {"model": "trade_ledger.tradetrend", "pk": 47, "fields": {"company": 31, "product": 1, "month": 1, "year": 2024, "volume": "19259.62", "avg_price": "1920.92", "yoy_volume_growth": null, "yoy_price_growth": null}}, {"model": "trade_ledger.tradetrend", "pk": 48, "fields": {"company": 31, "product": 2, "month": 1, "year": 2024, "volume": "625.89", "avg_price": "1887.54", "yoy_volume_growth": null, "yoy_price_growth": null}}, {"model": "trade_ledger.tradetrend", "pk": 49, "fields": {"company": 32, "product": 5, "month": 12, "year": 2025, "volume": "29293.69", "avg_price": "737.83", "yoy_volume_growth": "21.82", "yoy_price_growth": "3.30"}}, {"model": "trade_ledger.tradetrend", "pk": 50, "fields": {"company": 32, "product": 4, "month": 12, "year": 2025, "volume": "35384.78", "avg_price": "2047.96", "yoy_volume_growth": "4.34", "yoy_price_growth": "12.16"}}, {"model": "trade_ledger.tradetrend", "pk": 51, "fields": {"company": 32, "product": 4, "month": 11, "year": 2025, "volume": "46000.91", "avg_price": "1980.44", "yoy_volume_growth": "17.85", "yoy_price_growth": "7.31"}}, {"model": "trade_ledger.tradetrend", "pk": 52, "fields": {"company": 32, "product": 5, "month": 11, "year": 2025, "volume": "30747.04", "avg_price": "771.14", "yoy_volume_growth": "21.85", "yoy_price_growth": "10.90"}}, {"model": "trade_ledger.tradetrend", "pk": 53, "fields": {"company": 32, "product": 5, "month": 10, "year": 2025, "volume": "33800.41", "avg_price": "750.81", "yoy_volume_growth": "1.02", "yoy_price_growth": "10.55"}}, {"model": "trade_ledger.tradetrend", "pk": 54, "fields": {"company": 32, "product": 4, "month": 10, "year": 2025, "volume": "35237.45", "avg_price": "1893.21", "yoy_volume_growth": "-8.59", "yoy_price_growth": "0.83"}}, {"model": "trade_ledger.tradetrend", "pk": 55, "fields": {"company": 32, "product": 4, "month": 9, "year": 2025, "volume": "46234.08", "avg_price": "1956.42", "yoy_volume_growth": "-6.73", "yoy_price_growth": "13.53"}}, {"model": "trade_ledger.tradetrend", "pk": 56, "fields": {"company": 32, "product": 5, "month": 9, "year": 2025, "volume": "38805.00", "avg_price": "817.12", "yoy_volume_growth": "-2.87", "yoy_price_growth": "11.05"}}, {"model": "trade_ledger.tradetrend", "pk": 57, "fields": {"company": 32, "product": 5, "month": 8, "year": 2025, "volume": "29038.82", "avg_price": "791.16", "yoy_volume_growth": "-1.15", "yoy_price_growth": "13.50"}}, {"model": "trade_ledger.tradetrend", "pk": 58, "fields": {"company": 32, "product": 4, "month": 8, "year": 2025, "volume": "37108.50", "avg_price": "1794.65", "yoy_volume_growth": "9.44", "yoy_price_growth": "12.73"}}, {"model": "trade_ledger.tradetrend", "pk": 59, "fields": {"company": 32, "product": 4, "month": 7, "year": 2025, "volume": "42287.08", "avg_price": "1771.15", "yoy_volume_growth": "22.31", "yoy_price_growth": "-3.24"}}, {"model": "trade_ledger.tradetrend", "pk": 60, "fields": {"company": 32, "product": 5, "month": 7, "year": 2025, "volume": "28568.79", "avg_price": "733.20", "yoy_volume_growth": "17.31", "yoy_price_growth": "10.50"}}, {"model": "trade_ledger.tradetrend", "pk": 61, "fields": {"company": 32, "product": 5, "month": 6, "year": 2025, "volume": "29984.70", "avg_price": "803.06", "yoy_volume_growth": "-7.33", "yoy_price_growth": "8.26"}}, {"model": "trade_ledger.tradetrend", "pk": 62, "fields": {"company": 32, "product": 4, "month": 6, "year": 2025, "volume": "34505.78", "avg_price": "2031.83", "yoy_volume_growth": "9.56", "yoy_price_growth": "5.09"}}, {"model": "trade_ledger.tradetrend", "pk": 63, "fields": {"company": 32, "product": 4, "month": 5, "year": 2025, "volume": "34326.15", "avg_price": "1996.00", "yoy_volume_growth": "13.90", "yoy_price_growth": "1.68"}}, {"model": "trade_ledger.tradetrend", "pk": 64, "fields": {"company": 32, "product": 5, "month": 5, "year": 2025, "volume": "37523.08", "avg_price": "785.98", "yoy_volume_growth": "14.76", "yoy_price_growth": "0.61"}}, {"model": "trade_ledger.tradetrend", "pk": 65, "fields": {"company": 32, "product": 5, "month": 4, "year": 2025, "volume": "26590.01", "avg_price": "790.50", "yoy_volume_growth": "4.76", "yoy_price_growth": "5.04"}}, {"model": "trade_ledger.tradetrend", "pk": 66, "fields": {"company": 32, "product": 4, "month": 4, "year": 2025, "volume": "34495.42", "avg_price": "1743.25", "yoy_volume_growth": "-0.91", "yoy_price_growth": "4.20"}}, {"model": "trade_ledger.tradetrend", "pk": 67, "fields": {"company": 32, "product": 4, "month": 3, "year": 2025, "volume": "49274.40", "avg_price": "2044.59", "yoy_volume_growth": "-8.17", "yoy_price_growth": "8.12"}}, {"model": "trade_ledger.tradetrend", "pk": 68, "fields": {"company": 32, "product": 5, "month": 3, "year": 2025, "volume": "29996.86", "avg_price": "849.49", "yoy_volume_growth": "-4.22", "yoy_price_growth": "-2.97"}}, {"model": "trade_ledger.tradetrend", "pk": 69, "fields": {"company": 32, "product": 4, "month": 2, "year": 2025, "volume": "40038.23", "avg_price": "1944.14", "yoy_volume_growth": "-1.46", "yoy_price_growth": "13.32"}}, {"model": "trade_ledger.tradetrend", "pk": 70, "fields": {"company": 32, "product": 5, "month": 2, "year": 2025, "volume": "36154.85", "avg_price": "856.77", "yoy_volume_growth": "6.09", "yoy_price_growth": "12.69"}}, {"model": "trade_ledger.tradetrend", "pk": 71, "fields": {"company": 32, "product": 4, "month": 1, "year": 2025, "volume": "42661.09", "avg_price": "2052.43", "yoy_volume_growth": "-0.75", "yoy_price_growth": "6.39"}}, {"model": "trade_ledger.tradetrend", "pk": 72, "fields": {"company": 32, "product": 5, "month": 1, "year": 2025, "volume": "34792.54", "avg_price": "878.19", "yoy_volume_growth": "-8.31", "yoy_price_growth": "-4.04"}}, {"model": "trade_ledger.tradetrend", "pk": 73, "fields": {"company": 32, "product": 5, "month": 12, "year": 2024, "volume": "32972.31", "avg_price": "748.92", "yoy_volume_growth": null, "yoy_price_growth": null}}, {"model": "trade_ledger.tradetrend", "pk": 74, "fields": {"company": 32, "product": 4, "month": 12, "year": 2024, "volume": "46168.65", "avg_price": "1990.77", "yoy_volume_growth": null, "yoy_price_growth": null}}, {"model": "trade_ledger.tradetrend", "pk": 75, "fields": {"company": 32, "product": 4, "month": 11, "year": 2024, "volume": "40482.59", "avg_price": "1805.17", "yoy_volume_growth": null, "yoy_price_growth": null}}, {"model": "trade_ledger.tradetrend", "pk": 76, "fields": {"company": 32, "product": 5, "month": 11, "year": 2024, "volume": "36334.12", "avg_price": "837.04", "yoy_volume_growth": null, "yoy_price_growth": null}}, {"model": "trade_ledger.tradetrend", "pk": 77, "fields": {"company": 32, "product": 4, "month": 10, "year": 2024, "volume": "34543.29", "avg_price": "1876.43", "yoy_volume_growth": null, "yoy_price_growth": null}}, {"model": "trade_ledger.tradetrend", "pk": 78, "fields": {"company": 32, "product": 5, "month": 10, "year": 2024, "volume": "33691.72", "avg_price": "800.22", "yoy_volume_growth": null, "yoy_price_growth": null}}, {"model": "trade_ledger.tradetrend", "pk": 79, "fields": {"company": 32, "product": 5, "month": 9, "year": 2024, "volume": "31167.45", "avg_price": "796.67", "yoy_volume_growth": null, "yoy_price_growth": null}}, {"model": "trade_ledger.tradetrend", "pk": 80, "fields": {"company": 32, "product": 4, "month": 9, "year": 2024, "volume": "39494.50", "avg_price": "1863.08", "yoy_volume_growth": null, "yoy_price_growth": null}}, {"model": "trade_ledger.tradetrend", "pk": 81, "fields": {"company": 32, "product": 4, "month": 8, "year": 2024, "volume": "43750.33", "avg_price": "1897.39", "yoy_volume_growth": null, "yoy_price_growth": null}}, {"model": "trade_ledger.tradetrend", "pk": 82, "fields": {"company": 32, "product": 5, "month": 8, "year": 2024, "volume": "37280.00", "avg_price": "829.36", "yoy_volume_growth": null, "yoy_price_growth": null}}, {"model": "trade_ledger.tradetrend", "pk": 83, "fields": {"company": 32, "product": 4, "month": 7, "year": 2024, "volume": "32937.01", "avg_price": "1984.48", "yoy_volume_growth": null, "yoy_price_growth": null}}, {"model": "trade_ledger.tradetrend", "pk": 84, "fields": {"company": 32, "product": 5, "month": 7, "year": 2024, "volume": "29213.22", "avg_price": "793.72", "yoy_volume_growth": null, "yoy_price_growth": null}}, {"model": "trade_ledger.tradetrend", "pk": 85, "fields": {"company": 32, "product": 4, "month": 6, "year": 2024, "volume": "42057.36", "avg_price": "1732.70", "yoy_volume_growth": null, "yoy_price_growth": null}}, {"model": "trade_ledger.tradetrend", "pk": 86, "fields": {"company": 32, "product": 5, "month": 6, "year": 2024, "volume": "39023.24", "avg_price": "763.06", "yoy_volume_growth": null, "yoy_price_growth": null}}, {"model": "trade_ledger.tradetrend", "pk": 87, "fields": {"company": 32, "product": 4, "month": 5, "year": 2024, "volume": "39847.54", "avg_price": "1881.36", "yoy_volume_growth": null, "yoy_price_growth": null}}, {"model": "trade_ledger.tradetrend", "pk": 88, "fields": {"company": 32, "product": 5, "month": 5, "year": 2024, "volume": "35769.51", "avg_price": "826.19", "yoy_volume_growth": null, "yoy_price_growth": null}}, {"model": "trade_ledger.tradetrend", "pk": 89, "fields": {"company": 32, "product": 4, "month": 4, "year": 2024, "volume": "39231.61", "avg_price": "1876.90", "yoy_volume_growth": null, "yoy_price_growth": null}}, {"model": "trade_ledger.tradetrend", "pk": 90, "fields": {"company": 32, "product": 5, "month": 4, "year": 2024, "volume": "31671.10", "avg_price": "772.29", "yoy_volume_growth": null, "yoy_price_growth": null}}, {"model": "trade_ledger.tradetrend", "pk": 91, "fields": {"company": 32, "product": 5, "month": 3, "year": 2024, "volume": "29118.66", "avg_price": "785.20", "yoy_volume_growth": null, "yoy_price_growth": null}}, {"model": "trade_ledger.tradetrend", "pk": 92, "fields": {"company": 32, "product": 4, "month": 3, "year": 2024, "volume": "42416.64", "avg_price": "1865.38", "yoy_volume_growth": null, "yoy_price_growth": null}}, {"model": "trade_ledger.tradetrend", "pk": 93, "fields": {"company": 32, "product": 5, "month": 2, "year": 2024, "volume": "36011.98", "avg_price": "802.11", "yoy_volume_growth": null, "yoy_price_growth": null}}, {"model": "trade_ledger.tradetrend", "pk": 94, "fields": {"company": 32, "product": 4, "month": 2, "year": 2024, "volume": "35308.14", "avg_price": "1988.14", "yoy_volume_growth": null, "yoy_price_growth": null}}, {"model": "trade_ledger.tradetrend", "pk": 95, "fields": {"company": 32, "product": 5, "month": 1, "year": 2024, "volume": "30343.31", "avg_price": "865.24", "yoy_volume_growth": null, "yoy_price_growth": null}}, {"model": "trade_ledger.tradetrend", "pk": 96, "fields": {"company": 32, "product": 4, "month": 1, "year": 2024, "volume": "46561.60", "avg_price": "2071.30", "yoy_volume_growth": null, "yoy_price_growth": null}}, {"model": "trade_ledger.tradetrend", "pk": 97, "fields": {"company": 33, "product": 9, "month": 12, "year": 2025, "volume": "32175.22", "avg_price": "944.37", "yoy_volume_growth": "-4.73", "yoy_price_growth": "7.24"}}, {"model": "trade_ledger.tradetrend", "pk": 98, "fields": {"company": 33, "product": 6, "month": 12, "year": 2025, "volume": "34238.61", "avg_price": "1838.18", "yoy_volume_growth": "16.44", "yoy_price_growth": "2.13"}}, {"model": "trade_ledger.tradetrend", "pk": 99, "fields": {"company": 33, "product": 6, "month": 11, "year": 2025, "volume": "33113.20", "avg_price": "1876.87", "yoy_volume_growth": "16.31", "yoy_price_growth": "5.41"}}, {"model": "trade_ledger.tradetrend", "pk": 100, "fields": {"company": 33, "product": 8, "month": 11, "year": 2025, "volume": "4642.16", "avg_price": "1031.01", "yoy_volume_growth": "15.95", "yoy_price_growth": "8.17"}}, {"model": "trade_ledger.tradetrend", "pk": 101, "fields": {"company": 33, "product": 9, "month": 10, "year": 2025, "volume": "38128.57", "avg_price": "1052.57", "yoy_volume_growth": "7.02", "yoy_price_growth": "10.35"}}, {"model": "trade_ledger.tradetrend", "pk": 102, "fields": {"company": 33, "product": 6, "month": 10, "year": 2025, "volume": "32845.63", "avg_price": "1931.15", "yoy_volume_growth": "-9.83", "yoy_price_growth": "7.66"}}, {"model": "trade_ledger.tradetrend", "pk": 103, "fields": {"company": 33, "product": 7, "month": 9, "year": 2025, "volume": "22803.52", "avg_price": "915.47", "yoy_volume_growth": "3.30", "yoy_price_growth": "9.11"}}, {"model": "trade_ledger.tradetrend", "pk": 104, "fields": {"company": 33, "product": 6, "month": 9, "year": 2025, "volume": "26896.27", "avg_price": "1739.25", "yoy_volume_growth": "-8.47", "yoy_price_growth": "12.17"}}, {"model": "trade_ledger.tradetrend", "pk": 105, "fields": {"company": 33, "product": 6, "month": 8, "year": 2025, "volume": "35399.72", "avg_price": "1901.46", "yoy_volume_growth": "8.92", "yoy_price_growth": "0.87"}}, {"model": "trade_ledger.tradetrend", "pk": 106, "fields": {"company": 33, "product": 8, "month": 8, "year": 2025, "volume": "4637.13", "avg_price": "1025.94", "yoy_volume_growth": "23.38", "yoy_price_growth": "-1.57"}}, {"model": "trade_ledger.tradetrend", "pk": 107, "fields": {"company": 33, "product": 8, "month": 7, "year": 2025, "volume": "5086.81", "avg_price": "903.01", "yoy_volume_growth": "10.50", "yoy_price_growth": "0.17"}}, {"model": "trade_ledger.tradetrend", "pk": 108, "fields": {"company": 33, "product": 6, "month": 7, "year": 2025, "volume": "39785.86", "avg_price": "2055.76", "yoy_volume_growth": "-9.63", "yoy_price_growth": "13.07"}}, {"model": "trade_ledger.tradetrend", "pk": 109, "fields": {"company": 33, "product": 8, "month": 6, "year": 2025, "volume": "4789.00", "avg_price": "984.21", "yoy_volume_growth": "22.85", "yoy_price_growth": "-3.88"}}, {"model": "trade_ledger.tradetrend", "pk": 110, "fields": {"company": 33, "product": 6, "month": 6, "year": 2025, "volume": "28373.03", "avg_price": "2039.36", "yoy_volume_growth": "23.27", "yoy_price_growth": "9.33"}}, {"model": "trade_ledger.tradetrend", "pk": 111, "fields": {"company": 33, "product": 6, "month": 5, "year": 2025, "volume": "34794.23", "avg_price": "1870.90", "yoy_volume_growth": "6.93", "yoy_price_growth": "14.90"}}, {"model": "trade_ledger.tradetrend", "pk": 112, "fields": {"company": 33, "product": 7, "month": 5, "year": 2025, "volume": "21824.13", "avg_price": "816.10", "yoy_volume_growth": "5.22", "yoy_price_growth": "-0.51"}}, {"model": "trade_ledger.tradetrend", "pk": 113, "fields": {"company": 33, "product": 7, "month": 4, "year": 2025, "volume": "26913.66", "avg_price": "849.50", "yoy_volume_growth": "15.20", "yoy_price_growth": "12.44"}}, {"model": "trade_ledger.tradetrend", "pk": 114, "fields": {"company": 33, "product": 9, "month": 4, "year": 2025, "volume": "38249.41", "avg_price": "935.05", "yoy_volume_growth": "7.14", "yoy_price_growth": "-0.34"}}, {"model": "trade_ledger.tradetrend", "pk": 115, "fields": {"company": 33, "product": 7, "month": 3, "year": 2025, "volume": "20405.93", "avg_price": "879.62", "yoy_volume_growth": "22.86", "yoy_price_growth": "8.51"}}, {"model": "trade_ledger.tradetrend", "pk": 116, "fields": {"company": 33, "product": 6, "month": 3, "year": 2025, "volume": "30964.36", "avg_price": "1784.33", "yoy_volume_growth": "9.09", "yoy_price_growth": "14.23"}}, {"model": "trade_ledger.tradetrend", "pk": 117, "fields": {"company": 33, "product": 7, "month": 2, "year": 2025, "volume": "23014.70", "avg_price": "832.68", "yoy_volume_growth": "-4.02", "yoy_price_growth": "9.61"}}, {"model": "trade_ledger.tradetrend", "pk": 118, "fields": {"company": 33, "product": 9, "month": 2, "year": 2025, "volume": "35836.66", "avg_price": "996.75", "yoy_volume_growth": "10.32", "yoy_price_growth": "7.64"}}, {"model": "trade_ledger.tradetrend", "pk": 119, "fields": {"company": 33, "product": 7, "month": 1, "year": 2025, "volume": "27186.58", "avg_price": "775.58", "yoy_volume_growth": "-1.65", "yoy_price_growth": "-0.28"}}, {"model": "trade_ledger.tradetrend", "pk": 120, "fields": {"company": 33, "product": 6, "month": 1, "year": 2025, "volume": "28511.14", "avg_price": "1858.47", "yoy_volume_growth": "24.97", "yoy_price_growth": "9.03"}}, {"model": "trade_ledger.tradetrend", "pk": 121, "fields": {"company": 33, "product": 9, "month": 12, "year": 2024, "volume": "37865.31", "avg_price": "1018.85", "yoy_volume_growth": null, "yoy_price_growth": null}}, {"model": "trade_ledger.tradetrend", "pk": 122, "fields": {"company": 33, "product": 6, "month": 12, "year": 2024, "volume": "39277.52", "avg_price": "1967.26", "yoy_volume_growth": null, "yoy_price_growth": null}}, {"model": "trade_ledger.tradetrend", "pk": 123, "fields": {"company": 33, "product": 7, "month": 11, "year": 2024, "volume": "27971.64", "avg_price": "825.90", "yoy_volume_growth": null, "yoy_price_growth": null}}, {"model": "trade_ledger.tradetrend", "pk": 124, "fields": {"company": 33, "product": 6, "month": 11, "year": 2024, "volume": "35817.11", "avg_price": "2005.89", "yoy_volume_growth": null, "yoy_price_growth": null}}, {"model": "trade_ledger.tradetrend", "pk": 125, "fields": {"company": 33, "product": 7, "month": 10, "year": 2024, "volume": "24135.64", "avg_price": "878.83", "yoy_volume_growth": null, "yoy_price_growth": null}}, {"model": "trade_ledger.tradetrend", "pk": 126, "fields": {"company": 33, "product": 6, "month": 10, "year": 2024, "volume": "35488.61", "avg_price": "2066.21", "yoy_volume_growth": null, "yoy_price_growth": null}}, {"model": "trade_ledger.tradetrend", "pk": 127, "fields": {"company": 33, "product": 9, "month": 9, "year": 2024, "volume": "32810.98", "avg_price": "1056.82", "yoy_volume_growth": null, "yoy_price_growth": null}}, {"model": "trade_ledger.tradetrend", "pk": 128, "fields": {"company": 33, "product": 6, "month": 9, "year": 2024, "volume": "34295.92", "avg_price": "2115.61", "yoy_volume_growth": null, "yoy_price_growth": null}}, {"model": "trade_ledger.tradetrend", "pk": 129, "fields": {"company": 33, "product": 7, "month": 8, "year": 2024, "volume": "20890.66", "avg_price": "837.40", "yoy_volume_growth": null, "yoy_price_growth": null}}, {"model": "trade_ledger.tradetrend", "pk": 130, "fields": {"company": 33, "product": 6, "month": 8, "year": 2024, "volume": "27906.72", "avg_price": "2036.83", "yoy_volume_growth": null, "yoy_price_growth": null}}, {"model": "trade_ledger.tradetrend", "pk": 131, "fields": {"company": 33, "product": 8, "month": 7, "year": 2024, "volume": "4911.93", "avg_price": "926.77", "yoy_volume_growth": null, "yoy_price_growth": null}}, {"model": "trade_ledger.tradetrend", "pk": 132, "fields": {"company": 33, "product": 6, "month": 7, "year": 2024, "volume": "37846.84", "avg_price": "2045.76", "yoy_volume_growth": null, "yoy_price_growth": null}}, {"model": "trade_ledger.tradetrend", "pk": 133, "fields": {"company": 33, "product": 8, "month": 6, "year": 2024, "volume": "5404.63", "avg_price": "1054.05", "yoy_volume_growth": null, "yoy_price_growth": null}}, {"model": "trade_ledger.tradetrend", "pk": 134, "fields": {"company": 33, "product": 9, "month": 6, "year": 2024, "volume": "40191.03", "avg_price": "1090.21", "yoy_volume_growth": null, "yoy_price_growth": null}}, {"model": "trade_ledger.tradetrend", "pk": 135, "fields": {"company": 33, "product": 8, "month": 5, "year": 2024, "volume": "4271.30", "avg_price": "1027.79", "yoy_volume_growth": null, "yoy_price_growth": null}}, {"model": "trade_ledger.tradetrend", "pk": 136, "fields": {"company": 33, "product": 7, "month": 5, "year": 2024, "volume": "26592.45", "avg_price": "805.98", "yoy_volume_growth": null, "yoy_price_growth": null}}, {"model": "trade_ledger.tradetrend", "pk": 137, "fields": {"company": 33, "product": 7, "month": 4, "year": 2024, "volume": "25225.61", "avg_price": "882.54", "yoy_volume_growth": null, "yoy_price_growth": null}}, {"model": "trade_ledger.tradetrend", "pk": 138, "fields": {"company": 33, "product": 8, "month": 4, "year": 2024, "volume": "4061.38", "avg_price": "900.35", "yoy_volume_growth": null, "yoy_price_growth": null}}, {"model": "trade_ledger.tradetrend", "pk": 139, "fields": {"company": 33, "product": 6, "month": 3, "year": 2024, "volume": "39658.09", "avg_price": "1925.78", "yoy_volume_growth": null, "yoy_price_growth": null}}, {"model": "trade_ledger.tradetrend", "pk": 140, "fields": {"company": 33, "product": 9, "month": 3, "year": 2024, "volume": "30066.52", "avg_price": "1100.75", "yoy_volume_growth": null, "yoy_price_growth": null}}, {"model": "trade_ledger.tradetrend", "pk": 141, "fields": {"company": 33, "product": 8, "month": 2, "year": 2024, "volume": "4323.84", "avg_price": "880.27", "yoy_volume_growth": null, "yoy_price_growth": null}}, {"model": "trade_ledger.tradetrend", "pk": 142, "fields": {"company": 33, "product": 6, "month": 2, "year": 2024, "volume": "38702.97", "avg_price": "1918.16", "yoy_volume_growth": null, "yoy_price_growth": null}}, {"model": "trade_ledger.tradetrend", "pk": 143, "fields": {"company": 33, "product": 9, "month": 1, "year": 2024, "volume": "35620.22", "avg_price": "983.25", "yoy_volume_growth": null, "yoy_price_growth": null}}, {"model": "trade_ledger.tradetrend", "pk": 144, "fields": {"company": 33, "product": 6, "month": 1, "year": 2024, "volume": "29183.57", "avg_price": "1964.67", "yoy_volume_growth": null, "yoy_price_growth": null}}, {"model": "trade_ledger.tradetrend", "pk": 145, "fields": {"company": 34, "product": 12, "month": 12, "year": 2025, "volume": "8329.89", "avg_price": "1981.71", "yoy_volume_growth": "-7.55", "yoy_price_growth": "1.11"}}, {"model": "trade_ledger.tradetrend", "pk": 146, "fields": {"company": 34, "product": 13, "month": 12, "year": 2025, "volume": "11836.83", "avg_price": "1201.71", "yoy_volume_growth": "-0.32", "yoy_price_growth": "-0.75"}}, {"model": "trade_ledger.tradetrend", "pk": 147, "fields": {"company": 34, "product": 12, "month": 11, "year": 2025, "volume": "8433.11", "avg_price": "1785.47", "yoy_volume_growth": "22.46", "yoy_price_growth": "0.50"}}, {"model": "trade_ledger.tradetrend", "pk": 148, "fields": {"company": 34, "product": 11, "month": 11, "year": 2025, "volume": "22212.84", "avg_price": "820.87", "yoy_volume_growth": "2.08", "yoy_price_growth": "3.81"}}, {"model": "trade_ledger.tradetrend", "pk": 149, "fields": {"company": 34, "product": 10, "month": 10, "year": 2025, "volume": "31127.01", "avg_price": "302.88", "yoy_volume_growth": "20.33", "yoy_price_growth": "-2.03"}}, {"model": "trade_ledger.tradetrend", "pk": 150, "fields": {"company": 34, "product": 12, "month": 10, "year": 2025, "volume": "8459.81", "avg_price": "1823.91", "yoy_volume_growth": "5.11", "yoy_price_growth": "1.34"}}, {"model": "trade_ledger.tradetrend", "pk": 151, "fields": {"company": 34, "product": 13, "month": 9, "year": 2025, "volume": "12541.31", "avg_price": "1250.02", "yoy_volume_growth": "10.62", "yoy_price_growth": "-3.96"}}, {"model": "trade_ledger.tradetrend", "pk": 152, "fields": {"company": 34, "product": 11, "month": 9, "year": 2025, "volume": "28309.85", "avg_price": "826.01", "yoy_volume_growth": "23.65", "yoy_price_growth": "-0.91"}}, {"model": "trade_ledger.tradetrend", "pk": 153, "fields": {"company": 34, "product": 11, "month": 8, "year": 2025, "volume": "24263.77", "avg_price": "826.32", "yoy_volume_growth": "10.03", "yoy_price_growth": "3.99"}}, {"model": "trade_ledger.tradetrend", "pk": 154, "fields": {"company": 34, "product": 12, "month": 8, "year": 2025, "volume": "6592.92", "avg_price": "1904.73", "yoy_volume_growth": "2.16", "yoy_price_growth": "-0.02"}}, {"model": "trade_ledger.tradetrend", "pk": 155, "fields": {"company": 34, "product": 11, "month": 7, "year": 2025, "volume": "22662.36", "avg_price": "733.79", "yoy_volume_growth": "15.82", "yoy_price_growth": "2.02"}}, {"model": "trade_ledger.tradetrend", "pk": 156, "fields": {"company": 34, "product": 12, "month": 7, "year": 2025, "volume": "7296.95", "avg_price": "1942.59", "yoy_volume_growth": "21.70", "yoy_price_growth": "3.81"}}, {"model": "trade_ledger.tradetrend", "pk": 157, "fields": {"company": 34, "product": 12, "month": 6, "year": 2025, "volume": "8013.51", "avg_price": "1635.22", "yoy_volume_growth": "11.03", "yoy_price_growth": "9.31"}}, {"model": "trade_ledger.tradetrend", "pk": 158, "fields": {"company": 34, "product": 10, "month": 6, "year": 2025, "volume": "36921.30", "avg_price": "295.60", "yoy_volume_growth": "22.66", "yoy_price_growth": "3.73"}}, {"model": "trade_ledger.tradetrend", "pk": 159, "fields": {"company": 34, "product": 11, "month": 5, "year": 2025, "volume": "23081.80", "avg_price": "726.68", "yoy_volume_growth": "15.71", "yoy_price_growth": "-2.64"}}, {"model": "trade_ledger.tradetrend", "pk": 160, "fields": {"company": 34, "product": 10, "month": 5, "year": 2025, "volume": "34155.12", "avg_price": "271.87", "yoy_volume_growth": "23.90", "yoy_price_growth": "10.46"}}, {"model": "trade_ledger.tradetrend", "pk": 161, "fields": {"company": 34, "product": 12, "month": 4, "year": 2025, "volume": "7269.30", "avg_price": "1890.37", "yoy_volume_growth": "7.25", "yoy_price_growth": "5.86"}}, {"model": "trade_ledger.tradetrend", "pk": 162, "fields": {"company": 34, "product": 10, "month": 4, "year": 2025, "volume": "39673.58", "avg_price": "281.66", "yoy_volume_growth": "-4.41", "yoy_price_growth": "-1.46"}}, {"model": "trade_ledger.tradetrend", "pk": 163, "fields": {"company": 34, "product": 11, "month": 3, "year": 2025, "volume": "22445.91", "avg_price": "773.59", "yoy_volume_growth": "5.98", "yoy_price_growth": "11.72"}}, {"model": "trade_ledger.tradetrend", "pk": 164, "fields": {"company": 34, "product": 13, "month": 3, "year": 2025, "volume": "11950.45", "avg_price": "1211.64", "yoy_volume_growth": "8.99", "yoy_price_growth": "6.79"}}, {"model": "trade_ledger.tradetrend", "pk": 165, "fields": {"company": 34, "product": 10, "month": 2, "year": 2025, "volume": "32691.10", "avg_price": "273.97", "yoy_volume_growth": "18.97", "yoy_price_growth": "13.99"}}, {"model": "trade_ledger.tradetrend", "pk": 166, "fields": {"company": 34, "product": 13, "month": 2, "year": 2025, "volume": "14584.74", "avg_price": "1278.33", "yoy_volume_growth": "-4.66", "yoy_price_growth": "14.70"}}, {"model": "trade_ledger.tradetrend", "pk": 167, "fields": {"company": 34, "product": 12, "month": 1, "year": 2025, "volume": "7163.20", "avg_price": "1638.88", "yoy_volume_growth": "2.28", "yoy_price_growth": "7.63"}}, {"model": "trade_ledger.tradetrend", "pk": 168, "fields": {"company": 34, "product": 11, "month": 1, "year": 2025, "volume": "22160.77", "avg_price": "805.36", "yoy_volume_growth": "20.19", "yoy_price_growth": "0.31"}}, {"model": "trade_ledger.tradetrend", "pk": 169, "fields": {"company": 34, "product": 13, "month": 12, "year": 2024, "volume": "13068.60", "avg_price": "1201.69", "yoy_volume_growth": null, "yoy_price_growth": null}}, {"model": "trade_ledger.tradetrend", "pk": 170, "fields": {"company": 34, "product": 11, "month": 12, "year": 2024, "volume": "30582.09", "avg_price": "745.34", "yoy_volume_growth": null, "yoy_price_growth": null}}, {"model": "trade_ledger.tradetrend", "pk": 171, "fields": {"company": 34, "product": 10, "month": 11, "year": 2024, "volume": "30151.31", "avg_price": "271.75", "yoy_volume_growth": null, "yoy_price_growth": null}}, {"model": "trade_ledger.tradetrend", "pk": 172, "fields": {"company": 34, "product": 12, "month": 11, "year": 2024, "volume": "9040.21", "avg_price": "1843.87", "yoy_volume_growth": null, "yoy_price_growth": null}}, {"model": "trade_ledger.tradetrend", "pk": 173, "fields": {"company": 34, "product": 11, "month": 10, "year": 2024, "volume": "23678.29", "avg_price": "781.68", "yoy_volume_growth": null, "yoy_price_growth": null}}, {"model": "trade_ledger.tradetrend", "pk": 174, "fields": {"company": 34, "product": 13, "month": 10, "year": 2024, "volume": "11960.66", "avg_price": "1308.94", "yoy_volume_growth": null, "yoy_price_growth": null}}, {"model": "trade_ledger.tradetrend", "pk": 175, "fields": {"company": 34, "product": 11, "month": 9, "year": 2024, "volume": "28463.37", "avg_price": "772.10", "yoy_volume_growth": null, "yoy_price_growth": null}}, {"model": "trade_ledger.tradetrend", "pk": 176, "fields": {"company": 34, "product": 10, "month": 9, "year": 2024, "volume": "29026.16", "avg_price": "264.74", "yoy_volume_growth": null, "yoy_price_growth": null}}, {"model": "trade_ledger.tradetrend", "pk": 177, "fields": {"company": 34, "product": 11, "month": 8, "year": 2024, "volume": "28059.77", "avg_price": "733.97", "yoy_volume_growth": null, "yoy_price_growth": null}}, {"model": "trade_ledger.tradetrend", "pk": 178, "fields": {"company": 34, "product": 13, "month": 8, "year": 2024, "volume": "11130.46", "avg_price": "1275.09", "yoy_volume_growth": null, "yoy_price_growth": null}}, {"model": "trade_ledger.tradetrend", "pk": 179, "fields": {"company": 34, "product": 12, "month": 7, "year": 2024, "volume": "6922.91", "avg_price": "1647.78", "yoy_volume_growth": null, "yoy_price_growth": null}}, {"model": "trade_ledger.tradetrend", "pk": 180, "fields": {"company": 34, "product": 13, "month": 7, "year": 2024, "volume": "11333.81", "avg_price": "1434.88", "yoy_volume_growth": null, "yoy_price_growth": null}}, {"model": "trade_ledger.tradetrend", "pk": 181, "fields": {"company": 34, "product": 11, "month": 6, "year": 2024, "volume": "33002.01", "avg_price": "793.75", "yoy_volume_growth": null, "yoy_price_growth": null}}, {"model": "trade_ledger.tradetrend", "pk": 182, "fields": {"company": 34, "product": 13, "month": 6, "year": 2024, "volume": "13106.26", "avg_price": "1231.89", "yoy_volume_growth": null, "yoy_price_growth": null}}, {"model": "trade_ledger.tradetrend", "pk": 183, "fields": {"company": 34, "product": 11, "month": 5, "year": 2024, "volume": "27419.12", "avg_price": "749.91", "yoy_volume_growth": null, "yoy_price_growth": null}}, {"model": "trade_ledger.tradetrend", "pk": 184, "fields": {"company": 34, "product": 13, "month": 5, "year": 2024, "volume": "12497.82", "avg_price": "1230.51", "yoy_volume_growth": null, "yoy_price_growth": null}}, {"model": "trade_ledger.tradetrend", "pk": 185, "fields": {"company": 34, "product": 10, "month": 4, "year": 2024, "volume": "33906.42", "avg_price": "271.95", "yoy_volume_growth": null, "yoy_price_growth": null}}, {"model": "trade_ledger.tradetrend", "pk": 186, "fields": {"company": 34, "product": 12, "month": 4, "year": 2024, "volume": "8326.31", "avg_price": "1688.30", "yoy_volume_growth": null, "yoy_price_growth": null}}, {"model": "trade_ledger.tradetrend", "pk": 187, "fields": {"company": 34, "product": 11, "month": 3, "year": 2024, "volume": "29590.15", "avg_price": "690.27", "yoy_volume_growth": null, "yoy_price_growth": null}}, {"model": "trade_ledger.tradetrend", "pk": 188, "fields": {"company": 34, "product": 12, "month": 3, "year": 2024, "volume": "8455.34", "avg_price": "1909.35", "yoy_volume_growth": null, "yoy_price_growth": null}}, {"model": "trade_ledger.tradetrend", "pk": 189, "fields": {"company": 34, "product": 12, "month": 2, "year": 2024, "volume": "7475.08", "avg_price": "1623.87", "yoy_volume_growth": null, "yoy_price_growth": null}}, {"model": "trade_ledger.tradetrend", "pk": 190, "fields": {"company": 34, "product": 11, "month": 2, "year": 2024, "volume": "32882.44", "avg_price": "802.39", "yoy_volume_growth": null, "yoy_price_growth": null}}, {"model": "trade_ledger.tradetrend", "pk": 191, "fields": {"company": 34, "product": 10, "month": 1, "year": 2024, "volume": "42784.49", "avg_price": "265.50", "yoy_volume_growth": null, "yoy_price_growth": null}}, {"model": "trade_ledger.tradetrend", "pk": 192, "fields": {"company": 34, "product": 13, "month": 1, "year": 2024, "volume": "13141.34", "avg_price": "1297.71", "yoy_volume_growth": null, "yoy_price_growth": null}}, {"model": "trade_ledger.tradetrend", "pk": 193, "fields": {"company": 35, "product": 14, "month": 12, "year": 2025, "volume": "26826.70", "avg_price": "1261.92", "yoy_volume_growth": "-8.81", "yoy_price_growth": "10.34"}}, {"model": "trade_ledger.tradetrend", "pk": 194, "fields": {"company": 35, "product": 15, "month": 12, "year": 2025, "volume": "8938.96", "avg_price": "605.06", "yoy_volume_growth": "7.90", "yoy_price_growth": "7.21"}}, {"model": "trade_ledger.tradetrend", "pk": 195, "fields": {"company": 35, "product": 16, "month": 11, "year": 2025, "volume": "20310.12", "avg_price": "1366.53", "yoy_volume_growth": "3.76", "yoy_price_growth": "14.74"}}, {"model": "trade_ledger.tradetrend", "pk": 196, "fields": {"company": 35, "product": 15, "month": 11, "year": 2025, "volume": "9849.00", "avg_price": "687.38", "yoy_volume_growth": "-9.29", "yoy_price_growth": "8.34"}}, {"model": "trade_ledger.tradetrend", "pk": 197, "fields": {"company": 35, "product": 16, "month": 10, "year": 2025, "volume": "20998.64", "avg_price": "1424.52", "yoy_volume_growth": "12.11", "yoy_price_growth": "-1.73"}}, {"model": "trade_ledger.tradetrend", "pk": 198, "fields": {"company": 35, "product": 14, "month": 10, "year": 2025, "volume": "29364.94", "avg_price": "1200.14", "yoy_volume_growth": "-3.95", "yoy_price_growth": "9.69"}}, {"model": "trade_ledger.tradetrend", "pk": 199, "fields": {"company": 35, "product": 16, "month": 9, "year": 2025, "volume": "16496.08", "avg_price": "1491.23", "yoy_volume_growth": "7.88", "yoy_price_growth": "11.32"}}, {"model": "trade_ledger.tradetrend", "pk": 200, "fields": {"company": 35, "product": 15, "month": 9, "year": 2025, "volume": "9824.13", "avg_price": "639.60", "yoy_volume_growth": "-9.63", "yoy_price_growth": "11.21"}}, {"model": "trade_ledger.tradetrend", "pk": 201, "fields": {"company": 35, "product": 15, "month": 8, "year": 2025, "volume": "8823.23", "avg_price": "626.22", "yoy_volume_growth": "12.61", "yoy_price_growth": "1.00"}}, {"model": "trade_ledger.tradetrend", "pk": 202, "fields": {"company": 35, "product": 14, "month": 8, "year": 2025, "volume": "33711.33", "avg_price": "1275.72", "yoy_volume_growth": "18.58", "yoy_price_growth": "1.03"}}, {"model": "trade_ledger.tradetrend", "pk": 203, "fields": {"company": 35, "product": 16, "month": 7, "year": 2025, "volume": "22664.11", "avg_price": "1300.18", "yoy_volume_growth": "0.10", "yoy_price_growth": "-4.76"}}, {"model": "trade_ledger.tradetrend", "pk": 204, "fields": {"company": 35, "product": 15, "month": 7, "year": 2025, "volume": "10636.12", "avg_price": "644.12", "yoy_volume_growth": "-3.17", "yoy_price_growth": "-3.05"}}, {"model": "trade_ledger.tradetrend", "pk": 205, "fields": {"company": 35, "product": 15, "month": 6, "year": 2025, "volume": "10476.14", "avg_price": "694.61", "yoy_volume_growth": "2.84", "yoy_price_growth": "9.34"}}, {"model": "trade_ledger.tradetrend", "pk": 206, "fields": {"company": 35, "product": 16, "month": 6, "year": 2025, "volume": "20722.07", "avg_price": "1357.85", "yoy_volume_growth": "-8.23", "yoy_price_growth": "2.67"}}, {"model": "trade_ledger.tradetrend", "pk": 207, "fields": {"company": 35, "product": 14, "month": 5, "year": 2025, "volume": "30907.18", "avg_price": "1202.85", "yoy_volume_growth": "-9.43", "yoy_price_growth": "8.30"}}, {"model": "trade_ledger.tradetrend", "pk": 208, "fields": {"company": 35, "product": 16, "month": 5, "year": 2025, "volume": "23393.76", "avg_price": "1285.67", "yoy_volume_growth": "10.35", "yoy_price_growth": "9.55"}}, {"model": "trade_ledger.tradetrend", "pk": 209, "fields": {"company": 35, "product": 16, "month": 4, "year": 2025, "volume": "17614.61", "avg_price": "1297.51", "yoy_volume_growth": "-0.50", "yoy_price_growth": "10.18"}}, {"model": "trade_ledger.tradetrend", "pk": 210, "fields": {"company": 35, "product": 14, "month": 4, "year": 2025, "volume": "33025.49", "avg_price": "1116.26", "yoy_volume_growth": "8.46", "yoy_price_growth": "3.01"}}, {"model": "trade_ledger.tradetrend", "pk": 211, "fields": {"company": 35, "product": 14, "month": 3, "year": 2025, "volume": "35352.00", "avg_price": "1104.56", "yoy_volume_growth": "-4.07", "yoy_price_growth": "8.87"}}, {"model": "trade_ledger.tradetrend", "pk": 212, "fields": {"company": 35, "product": 16, "month": 3, "year": 2025, "volume": "19301.32", "avg_price": "1440.20", "yoy_volume_growth": "9.78", "yoy_price_growth": "11.57"}}, {"model": "trade_ledger.tradetrend", "pk": 213, "fields": {"company": 35, "product": 14, "month": 2, "year": 2025, "volume": "29356.17", "avg_price": "1179.41", "yoy_volume_growth": "12.21", "yoy_price_growth": "6.63"}}, {"model": "trade_ledger.tradetrend", "pk": 214, "fields": {"company": 35, "product": 16, "month": 2, "year": 2025, "volume": "17505.09", "avg_price": "1452.58", "yoy_volume_growth": "23.89", "yoy_price_growth": "1.43"}}, {"model": "trade_ledger.tradetrend", "pk": 215, "fields": {"company": 35, "product": 16, "month": 1, "year": 2025, "volume": "21450.50", "avg_price": "1448.66", "yoy_volume_growth": "-8.83", "yoy_price_growth": "-1.67"}}, {"model": "trade_ledger.tradetrend", "pk": 216, "fields": {"company": 35, "product": 15, "month": 1, "year": 2025, "volume": "9857.84", "avg_price": "625.59", "yoy_volume_growth": "11.43", "yoy_price_growth": "-4.16"}}, {"model": "trade_ledger.tradetrend", "pk": 217, "fields": {"company": 35, "product": 16, "month": 12, "year": 2024, "volume": "17533.04", "avg_price": "1262.87", "yoy_volume_growth": null, "yoy_price_growth": null}}, {"model": "trade_ledger.tradetrend", "pk": 218, "fields": {"company": 35, "product": 15, "month": 12, "year": 2024, "volume": "8282.79", "avg_price": "635.21", "yoy_volume_growth": null, "yoy_price_growth": null}}, {"model": "trade_ledger.tradetrend", "pk": 219, "fields": {"company": 35, "product": 16, "month": 11, "year": 2024, "volume": "16955.25", "avg_price": "1506.31", "yoy_volume_growth": null, "yoy_price_growth": null}}, {"model": "trade_ledger.tradetrend", "pk": 220, "fields": {"company": 35, "product": 15, "month": 11, "year": 2024, "volume": "8627.62", "avg_price": "661.25", "yoy_volume_growth": null, "yoy_price_growth": null}}, {"model": "trade_ledger.tradetrend", "pk": 221, "fields": {"company": 35, "product": 14, "month": 10, "year": 2024, "volume": "30370.34", "avg_price": "1200.50", "yoy_volume_growth": null, "yoy_price_growth": null}}, {"model": "trade_ledger.tradetrend", "pk": 222, "fields": {"company": 35, "product": 16, "month": 10, "year": 2024, "volume": "22520.94", "avg_price": "1374.92", "yoy_volume_growth": null, "yoy_price_growth": null}}, {"model": "trade_ledger.tradetrend", "pk": 223, "fields": {"company": 35, "product": 16, "month": 9, "year": 2024, "volume": "19601.05", "avg_price": "1470.25", "yoy_volume_growth": null, "yoy_price_growth": null}}, {"model": "trade_ledger.tradetrend", "pk": 224, "fields": {"company": 35, "product": 14, "month": 9, "year": 2024, "volume": "37296.32", "avg_price": "1158.00", "yoy_volume_growth": null, "yoy_price_growth": null}}, {"model": "trade_ledger.tradetrend", "pk": 225, "fields": {"company": 35, "product": 15, "month": 8, "year": 2024, "volume": "8901.05", "avg_price": "625.21", "yoy_volume_growth": null, "yoy_price_growth": null}}, {"model": "trade_ledger.tradetrend", "pk": 226, "fields": {"company": 35, "product": 14, "month": 8, "year": 2024, "volume": "28299.46", "avg_price": "1163.16", "yoy_volume_growth": null, "yoy_price_growth": null}}, {"model": "trade_ledger.tradetrend", "pk": 227, "fields": {"company": 35, "product": 16, "month": 7, "year": 2024, "volume": "20858.34", "avg_price": "1403.52", "yoy_volume_growth": null, "yoy_price_growth": null}}, {"model": "trade_ledger.tradetrend", "pk": 228, "fields": {"company": 35, "product": 15, "month": 7, "year": 2024, "volume": "9855.69", "avg_price": "655.35", "yoy_volume_growth": null, "yoy_price_growth": null}}, {"model": "trade_ledger.tradetrend", "pk": 229, "fields": {"company": 35, "product": 15, "month": 6, "year": 2024, "volume": "8413.44", "avg_price": "696.80", "yoy_volume_growth": null, "yoy_price_growth": null}}, {"model": "trade_ledger.tradetrend", "pk": 230, "fields": {"company": 35, "product": 14, "month": 6, "year": 2024, "volume": "27459.39", "avg_price": "1231.14", "yoy_volume_growth": null, "yoy_price_growth": null}}, {"model": "trade_ledger.tradetrend", "pk": 231, "fields": {"company": 35, "product": 15, "month": 5, "year": 2024, "volume": "10191.58", "avg_price": "608.60", "yoy_volume_growth": null, "yoy_price_growth": null}}, {"model": "trade_ledger.tradetrend", "pk": 232, "fields": {"company": 35, "product": 14, "month": 5, "year": 2024, "volume": "27838.55", "avg_price": "1280.53", "yoy_volume_growth": null, "yoy_price_growth": null}}, {"model": "trade_ledger.tradetrend", "pk": 233, "fields": {"company": 35, "product": 14, "month": 4, "year": 2024, "volume": "36488.96", "avg_price": "1152.45", "yoy_volume_growth": null, "yoy_price_growth": null}}, {"model": "trade_ledger.tradetrend", "pk": 234, "fields": {"company": 35, "product": 15, "month": 4, "year": 2024, "volume": "8872.17", "avg_price": "587.81", "yoy_volume_growth": null, "yoy_price_growth": null}}, {"model": "trade_ledger.tradetrend", "pk": 235, "fields": {"company": 35, "product": 14, "month": 3, "year": 2024, "volume": "28849.69", "avg_price": "1110.08", "yoy_volume_growth": null, "yoy_price_growth": null}}, {"model": "trade_ledger.tradetrend", "pk": 236, "fields": {"company": 35, "product": 16, "month": 3, "year": 2024, "volume": "22158.43", "avg_price": "1320.51", "yoy_volume_growth": null, "yoy_price_growth": null}}, {"model": "trade_ledger.tradetrend", "pk": 237, "fields": {"company": 35, "product": 14, "month": 2, "year": 2024, "volume": "26106.56", "avg_price": "1190.23", "yoy_volume_growth": null, "yoy_price_growth": null}}, {"model": "trade_ledger.tradetrend", "pk": 238, "fields": {"company": 35, "product": 16, "month": 2, "year": 2024, "volume": "22122.63", "avg_price": "1382.12", "yoy_volume_growth": null, "yoy_price_growth": null}}, {"model": "trade_ledger.tradetrend", "pk": 239, "fields": {"company": 35, "product": 16, "month": 1, "year": 2024, "volume": "17739.93", "avg_price": "1470.18", "yoy_volume_growth": null, "yoy_price_growth": null}}, {"model": "trade_ledger.tradetrend", "pk": 240, "fields": {"company": 35, "product": 14, "month": 1, "year": 2024, "volume": "27276.93", "avg_price": "1215.06", "yoy_volume_growth": null, "yoy_price_growth": null}}, {"model": "trade_ledger.tradetrend", "pk": 241, "fields": {"company": 36, "product": 20, "month": 12, "year": 2025, "volume": "3520.84", "avg_price": "805.28", "yoy_volume_growth": "8.81", "yoy_price_growth": "4.99"}}, {"model": "trade_ledger.tradetrend", "pk": 242, "fields": {"company": 36, "product": 21, "month": 12, "year": 2025, "volume": "15663.70", "avg_price": "1368.98", "yoy_volume_growth": "19.22", "yoy_price_growth": "11.81"}}, {"model": "trade_ledger.tradetrend", "pk": 243, "fields": {"company": 36, "product": 21, "month": 11, "year": 2025, "volume": "15504.72", "avg_price": "1318.88", "yoy_volume_growth": "-6.26", "yoy_price_growth": "9.16"}}, {"model": "trade_ledger.tradetrend", "pk": 244, "fields": {"company": 36, "product": 20, "month": 11, "year": 2025, "volume": "2916.44", "avg_price": "791.76", "yoy_volume_growth": "-6.89", "yoy_price_growth": "0.36"}}, {"model": "trade_ledger.tradetrend", "pk": 245, "fields": {"company": 36, "product": 20, "month": 10, "year": 2025, "volume": "3827.32", "avg_price": "828.93", "yoy_volume_growth": "4.45", "yoy_price_growth": "10.11"}}, {"model": "trade_ledger.tradetrend", "pk": 246, "fields": {"company": 36, "product": 21, "month": 10, "year": 2025, "volume": "13478.31", "avg_price": "1276.08", "yoy_volume_growth": "13.63", "yoy_price_growth": "-1.89"}}, {"model": "trade_ledger.tradetrend", "pk": 247, "fields": {"company": 36, "product": 19, "month": 9, "year": 2025, "volume": "5860.08", "avg_price": "2016.29", "yoy_volume_growth": "1.96", "yoy_price_growth": "11.50"}}, {"model": "trade_ledger.tradetrend", "pk": 248, "fields": {"company": 36, "product": 21, "month": 9, "year": 2025, "volume": "18279.39", "avg_price": "1404.28", "yoy_volume_growth": "-8.43", "yoy_price_growth": "-2.25"}}, {"model": "trade_ledger.tradetrend", "pk": 249, "fields": {"company": 36, "product": 21, "month": 8, "year": 2025, "volume": "16951.80", "avg_price": "1396.15", "yoy_volume_growth": "4.69", "yoy_price_growth": "1.86"}}, {"model": "trade_ledger.tradetrend", "pk": 250, "fields": {"company": 36, "product": 17, "month": 8, "year": 2025, "volume": "18511.27", "avg_price": "470.61", "yoy_volume_growth": "-8.79", "yoy_price_growth": "4.46"}}, {"model": "trade_ledger.tradetrend", "pk": 251, "fields": {"company": 36, "product": 20, "month": 7, "year": 2025, "volume": "3717.29", "avg_price": "852.68", "yoy_volume_growth": "20.40", "yoy_price_growth": "3.21"}}, {"model": "trade_ledger.tradetrend", "pk": 252, "fields": {"company": 36, "product": 19, "month": 7, "year": 2025, "volume": "4633.66", "avg_price": "1783.58", "yoy_volume_growth": "19.33", "yoy_price_growth": "-3.36"}}, {"model": "trade_ledger.tradetrend", "pk": 253, "fields": {"company": 36, "product": 17, "month": 6, "year": 2025, "volume": "22936.66", "avg_price": "409.29", "yoy_volume_growth": "8.59", "yoy_price_growth": "-0.40"}}, {"model": "trade_ledger.tradetrend", "pk": 254, "fields": {"company": 36, "product": 20, "month": 6, "year": 2025, "volume": "2819.24", "avg_price": "852.86", "yoy_volume_growth": "18.17", "yoy_price_growth": "-0.06"}}, {"model": "trade_ledger.tradetrend", "pk": 255, "fields": {"company": 36, "product": 21, "month": 5, "year": 2025, "volume": "14812.69", "avg_price": "1363.76", "yoy_volume_growth": "8.08", "yoy_price_growth": "4.12"}}, {"model": "trade_ledger.tradetrend", "pk": 256, "fields": {"company": 36, "product": 18, "month": 5, "year": 2025, "volume": "16304.05", "avg_price": "1621.01", "yoy_volume_growth": "-8.02", "yoy_price_growth": "7.78"}}, {"model": "trade_ledger.tradetrend", "pk": 257, "fields": {"company": 36, "product": 17, "month": 4, "year": 2025, "volume": "20837.29", "avg_price": "415.53", "yoy_volume_growth": "-8.20", "yoy_price_growth": "11.75"}}, {"model": "trade_ledger.tradetrend", "pk": 258, "fields": {"company": 36, "product": 18, "month": 4, "year": 2025, "volume": "14314.37", "avg_price": "1686.45", "yoy_volume_growth": "5.97", "yoy_price_growth": "3.70"}}, {"model": "trade_ledger.tradetrend", "pk": 259, "fields": {"company": 36, "product": 18, "month": 3, "year": 2025, "volume": "19076.09", "avg_price": "1517.20", "yoy_volume_growth": "-6.42", "yoy_price_growth": "4.03"}}, {"model": "trade_ledger.tradetrend", "pk": 260, "fields": {"company": 36, "product": 17, "month": 3, "year": 2025, "volume": "19463.75", "avg_price": "483.04", "yoy_volume_growth": "7.29", "yoy_price_growth": "5.61"}}, {"model": "trade_ledger.tradetrend", "pk": 261, "fields": {"company": 36, "product": 19, "month": 2, "year": 2025, "volume": "5099.26", "avg_price": "1779.02", "yoy_volume_growth": "12.89", "yoy_price_growth": "7.83"}}, {"model": "trade_ledger.tradetrend", "pk": 262, "fields": {"company": 36, "product": 20, "month": 2, "year": 2025, "volume": "2694.56", "avg_price": "867.18", "yoy_volume_growth": "3.94", "yoy_price_growth": "10.82"}}, {"model": "trade_ledger.tradetrend", "pk": 263, "fields": {"company": 36, "product": 20, "month": 1, "year": 2025, "volume": "3801.90", "avg_price": "894.58", "yoy_volume_growth": "-9.64", "yoy_price_growth": "1.60"}}, {"model": "trade_ledger.tradetrend", "pk": 264, "fields": {"company": 36, "product": 21, "month": 1, "year": 2025, "volume": "17969.21", "avg_price": "1432.28", "yoy_volume_growth": "14.38", "yoy_price_growth": "-2.89"}}, {"model": "trade_ledger.tradetrend", "pk": 265, "fields": {"company": 36, "product": 18, "month": 12, "year": 2024, "volume": "14493.05", "avg_price": "1750.45", "yoy_volume_growth": null, "yoy_price_growth": null}}, {"model": "trade_ledger.tradetrend", "pk": 266, "fields": {"company": 36, "product": 20, "month": 12, "year": 2024, "volume": "2708.09", "avg_price": "792.40", "yoy_volume_growth": null, "yoy_price_growth": null}}, {"model": "trade_ledger.tradetrend", "pk": 267, "fields": {"company": 36, "product": 17, "month": 11, "year": 2024, "volume": "21004.68", "avg_price": "439.01", "yoy_volume_growth": null, "yoy_price_growth": null}}, {"model": "trade_ledger.tradetrend", "pk": 268, "fields": {"company": 36, "product": 18, "month": 11, "year": 2024, "volume": "16729.72", "avg_price": "1523.01", "yoy_volume_growth": null, "yoy_price_growth": null}}, {"model": "trade_ledger.tradetrend", "pk": 269, "fields": {"company": 36, "product": 18, "month": 10, "year": 2024, "volume": "14242.12", "avg_price": "1642.83", "yoy_volume_growth": null, "yoy_price_growth": null}}, {"model": "trade_ledger.tradetrend", "pk": 270, "fields": {"company": 36, "product": 21, "month": 10, "year": 2024, "volume": "15444.80", "avg_price": "1428.44", "yoy_volume_growth": null, "yoy_price_growth": null}}, {"model": "trade_ledger.tradetrend", "pk": 271, "fields": {"company": 36, "product": 20, "month": 9, "year": 2024, "volume": "3030.31", "avg_price": "928.83", "yoy_volume_growth": null, "yoy_price_growth": null}}, {"model": "trade_ledger.tradetrend", "pk": 272, "fields": {"company": 36, "product": 19, "month": 9, "year": 2024, "volume": "5360.72", "avg_price": "2096.20", "yoy_volume_growth": null, "yoy_price_growth": null}}, {"model": "trade_ledger.tradetrend", "pk": 273, "fields": {"company": 36, "product": 21, "month": 8, "year": 2024, "volume": "14177.45", "avg_price": "1273.28", "yoy_volume_growth": null, "yoy_price_growth": null}}, {"model": "trade_ledger.tradetrend", "pk": 274, "fields": {"company": 36, "product": 18, "month": 8, "year": 2024, "volume": "20093.61", "avg_price": "1712.52", "yoy_volume_growth": null, "yoy_price_growth": null}}, {"model": "trade_ledger.tradetrend", "pk": 275, "fields": {"company": 36, "product": 17, "month": 7, "year": 2024, "volume": "22603.09", "avg_price": "412.34", "yoy_volume_growth": null, "yoy_price_growth": null}}, {"model": "trade_ledger.tradetrend", "pk": 276, "fields": {"company": 36, "product": 20, "month": 7, "year": 2024, "volume": "3145.91", "avg_price": "901.92", "yoy_volume_growth": null, "yoy_price_growth": null}}, {"model": "trade_ledger.tradetrend", "pk": 277, "fields": {"company": 36, "product": 21, "month": 6, "year": 2024, "volume": "14007.91", "avg_price": "1214.05", "yoy_volume_growth": null, "yoy_price_growth": null}}, {"model": "trade_ledger.tradetrend", "pk": 278, "fields": {"company": 36, "product": 20, "month": 6, "year": 2024, "volume": "2949.62", "avg_price": "805.58", "yoy_volume_growth": null, "yoy_price_growth": null}}, {"model": "trade_ledger.tradetrend", "pk": 279, "fields": {"company": 36, "product": 18, "month": 5, "year": 2024, "volume": "18296.29", "avg_price": "1797.09", "yoy_volume_growth": null, "yoy_price_growth": null}}, {"model": "trade_ledger.tradetrend", "pk": 280, "fields": {"company": 36, "product": 19, "month": 5, "year": 2024, "volume": "4666.87", "avg_price": "1741.10", "yoy_volume_growth": null, "yoy_price_growth": null}}, {"model": "trade_ledger.tradetrend", "pk": 281, "fields": {"company": 36, "product": 17, "month": 4, "year": 2024, "volume": "20653.77", "avg_price": "425.49", "yoy_volume_growth": null, "yoy_price_growth": null}}, {"model": "trade_ledger.tradetrend", "pk": 282, "fields": {"company": 36, "product": 19, "month": 4, "year": 2024, "volume": "4942.85", "avg_price": "1982.35", "yoy_volume_growth": null, "yoy_price_growth": null}}, {"model": "trade_ledger.tradetrend", "pk": 283, "fields": {"company": 36, "product": 21, "month": 3, "year": 2024, "volume": "12495.76", "avg_price": "1320.59", "yoy_volume_growth": null, "yoy_price_growth": null}}, {"model": "trade_ledger.tradetrend", "pk": 284, "fields": {"company": 36, "product": 20, "month": 3, "year": 2024, "volume": "2844.20", "avg_price": "798.35", "yoy_volume_growth": null, "yoy_price_growth": null}}, {"model": "trade_ledger.tradetrend", "pk": 285, "fields": {"company": 36, "product": 20, "month": 2, "year": 2024, "volume": "3724.02", "avg_price": "928.99", "yoy_volume_growth": null, "yoy_price_growth": null}}, {"model": "trade_ledger.tradetrend", "pk": 286, "fields": {"company": 36, "product": 21, "month": 2, "year": 2024, "volume": "18231.09", "avg_price": "1224.02", "yoy_volume_growth": null, "yoy_price_growth": null}}, {"model": "trade_ledger.tradetrend", "pk": 287, "fields": {"company": 36, "product": 20, "month": 1, "year": 2024, "volume": "2604.06", "avg_price": "852.66", "yoy_volume_growth": null, "yoy_price_growth": null}}, {"model": "trade_ledger.tradetrend", "pk": 288, "fields": {"company": 36, "product": 19, "month": 1, "year": 2024, "volume": "5308.77", "avg_price": "1819.16", "yoy_volume_growth": null, "yoy_price_growth": null}}, {"model": "trade_ledger.tradetrend", "pk": 289, "fields": {"company": 37, "product": 22, "month": 12, "year": 2025, "volume": "36937.41", "avg_price": "1828.71", "yoy_volume_growth": "-2.81", "yoy_price_growth": "-2.37"}}, {"model": "trade_ledger.tradetrend", "pk": 290, "fields": {"company": 37, "product": 26, "month": 12, "year": 2025, "volume": "20538.20", "avg_price": "798.04", "yoy_volume_growth": "-9.38", "yoy_price_growth": "8.90"}}, {"model": "trade_ledger.tradetrend", "pk": 291, "fields": {"company": 37, "product": 24, "month": 11, "year": 2025, "volume": "20594.20", "avg_price": "1690.89", "yoy_volume_growth": "16.97", "yoy_price_growth": "-3.67"}}, {"model": "trade_ledger.tradetrend", "pk": 292, "fields": {"company": 37, "product": 22, "month": 11, "year": 2025, "volume": "36883.86", "avg_price": "1770.92", "yoy_volume_growth": "1.04", "yoy_price_growth": "10.82"}}, {"model": "trade_ledger.tradetrend", "pk": 293, "fields": {"company": 37, "product": 25, "month": 10, "year": 2025, "volume": "4612.94", "avg_price": "765.67", "yoy_volume_growth": "5.96", "yoy_price_growth": "-4.90"}}, {"model": "trade_ledger.tradetrend", "pk": 294, "fields": {"company": 37, "product": 23, "month": 10, "year": 2025, "volume": "34498.43", "avg_price": "364.23", "yoy_volume_growth": "-9.69", "yoy_price_growth": "4.94"}}, {"model": "trade_ledger.tradetrend", "pk": 295, "fields": {"company": 37, "product": 24, "month": 9, "year": 2025, "volume": "25654.71", "avg_price": "1625.28", "yoy_volume_growth": "21.39", "yoy_price_growth": "14.17"}}, {"model": "trade_ledger.tradetrend", "pk": 296, "fields": {"company": 37, "product": 26, "month": 9, "year": 2025, "volume": "19995.27", "avg_price": "739.02", "yoy_volume_growth": "-0.03", "yoy_price_growth": "2.34"}}, {"model": "trade_ledger.tradetrend", "pk": 297, "fields": {"company": 37, "product": 25, "month": 8, "year": 2025, "volume": "4427.53", "avg_price": "726.79", "yoy_volume_growth": "19.58", "yoy_price_growth": "-4.96"}}, {"model": "trade_ledger.tradetrend", "pk": 298, "fields": {"company": 37, "product": 22, "month": 8, "year": 2025, "volume": "40773.08", "avg_price": "1623.17", "yoy_volume_growth": "17.26", "yoy_price_growth": "-0.56"}}, {"model": "trade_ledger.tradetrend", "pk": 299, "fields": {"company": 37, "product": 22, "month": 7, "year": 2025, "volume": "44825.74", "avg_price": "1647.04", "yoy_volume_growth": "1.06", "yoy_price_growth": "9.98"}}, {"model": "trade_ledger.tradetrend", "pk": 300, "fields": {"company": 37, "product": 25, "month": 7, "year": 2025, "volume": "5344.47", "avg_price": "644.76", "yoy_volume_growth": "3.78", "yoy_price_growth": "13.73"}}, {"model": "trade_ledger.tradetrend", "pk": 301, "fields": {"company": 37, "product": 22, "month": 6, "year": 2025, "volume": "41201.26", "avg_price": "1559.04", "yoy_volume_growth": "0.46", "yoy_price_growth": "11.84"}}, {"model": "trade_ledger.tradetrend", "pk": 302, "fields": {"company": 37, "product": 24, "month": 6, "year": 2025, "volume": "25401.40", "avg_price": "1752.64", "yoy_volume_growth": "-0.51", "yoy_price_growth": "13.79"}}, {"model": "trade_ledger.tradetrend", "pk": 303, "fields": {"company": 37, "product": 24, "month": 5, "year": 2025, "volume": "19397.76", "avg_price": "1687.69", "yoy_volume_growth": "-1.52", "yoy_price_growth": "3.33"}}, {"model": "trade_ledger.tradetrend", "pk": 304, "fields": {"company": 37, "product": 25, "month": 5, "year": 2025, "volume": "4957.52", "avg_price": "760.24", "yoy_volume_growth": "16.85", "yoy_price_growth": "14.59"}}, {"model": "trade_ledger.tradetrend", "pk": 305, "fields": {"company": 37, "product": 23, "month": 4, "year": 2025, "volume": "40201.22", "avg_price": "330.37", "yoy_volume_growth": "-9.25", "yoy_price_growth": "-1.13"}}, {"model": "trade_ledger.tradetrend", "pk": 306, "fields": {"company": 37, "product": 22, "month": 4, "year": 2025, "volume": "39233.44", "avg_price": "1849.42", "yoy_volume_growth": "0.21", "yoy_price_growth": "11.51"}}, {"model": "trade_ledger.tradetrend", "pk": 307, "fields": {"company": 37, "product": 22, "month": 3, "year": 2025, "volume": "39301.55", "avg_price": "1706.42", "yoy_volume_growth": "6.81", "yoy_price_growth": "3.96"}}, {"model": "trade_ledger.tradetrend", "pk": 308, "fields": {"company": 37, "product": 26, "month": 3, "year": 2025, "volume": "23679.97", "avg_price": "768.03", "yoy_volume_growth": "-2.07", "yoy_price_growth": "9.57"}}, {"model": "trade_ledger.tradetrend", "pk": 309, "fields": {"company": 37, "product": 25, "month": 2, "year": 2025, "volume": "4515.74", "avg_price": "681.49", "yoy_volume_growth": "-2.60", "yoy_price_growth": "8.56"}}, {"model": "trade_ledger.tradetrend", "pk": 310, "fields": {"company": 37, "product": 26, "month": 2, "year": 2025, "volume": "21213.32", "avg_price": "886.97", "yoy_volume_growth": "19.16", "yoy_price_growth": "0.02"}}, {"model": "trade_ledger.tradetrend", "pk": 311, "fields": {"company": 37, "product": 26, "month": 1, "year": 2025, "volume": "19248.50", "avg_price": "776.99", "yoy_volume_growth": "-1.39", "yoy_price_growth": "-4.32"}}, {"model": "trade_ledger.tradetrend", "pk": 312, "fields": {"company": 37, "product": 23, "month": 1, "year": 2025, "volume": "31613.22", "avg_price": "351.21", "yoy_volume_growth": "21.19", "yoy_price_growth": "9.61"}}, {"model": "trade_ledger.tradetrend", "pk": 313, "fields": {"company": 37, "product": 22, "month": 12, "year": 2024, "volume": "31482.59", "avg_price": "1845.87", "yoy_volume_growth": null, "yoy_price_growth": null}}, {"model": "trade_ledger.tradetrend", "pk": 314, "fields": {"company": 37, "product": 23, "month": 12, "year": 2024, "volume": "40391.67", "avg_price": "369.40", "yoy_volume_growth": null, "yoy_price_growth": null}}, {"model": "trade_ledger.tradetrend", "pk": 315, "fields": {"company": 37, "product": 24, "month": 11, "year": 2024, "volume": "22575.55", "avg_price": "1796.05", "yoy_volume_growth": null, "yoy_price_growth": null}}, {"model": "trade_ledger.tradetrend", "pk": 316, "fields": {"company": 37, "product": 22, "month": 11, "year": 2024, "volume": "41443.12", "avg_price": "1608.93", "yoy_volume_growth": null, "yoy_price_growth": null}}, {"model": "trade_ledger.tradetrend", "pk": 317, "fields": {"company": 37, "product": 23, "month": 10, "year": 2024, "volume": "45043.06", "avg_price": "371.11", "yoy_volume_growth": null, "yoy_price_growth": null}}, {"model": "trade_ledger.tradetrend", "pk": 318, "fields": {"company": 37, "product": 25, "month": 10, "year": 2024, "volume": "4669.99", "avg_price": "682.28", "yoy_volume_growth": null, "yoy_price_growth": null}}, {"model": "trade_ledger.tradetrend", "pk": 319, "fields": {"company": 37, "product": 26, "month": 9, "year": 2024, "volume": "22232.16", "avg_price": "766.61", "yoy_volume_growth": null, "yoy_price_growth": null}}, {"model": "trade_ledger.tradetrend", "pk": 320, "fields": {"company": 37, "product": 23, "month": 9, "year": 2024, "volume": "36959.05", "avg_price": "336.01", "yoy_volume_growth": null, "yoy_price_growth": null}}, {"model": "trade_ledger.tradetrend", "pk": 321, "fields": {"company": 37, "product": 25, "month": 8, "year": 2024, "volume": "5491.18", "avg_price": "662.69", "yoy_volume_growth": null, "yoy_price_growth": null}}, {"model": "trade_ledger.tradetrend", "pk": 322, "fields": {"company": 37, "product": 26, "month": 8, "year": 2024, "volume": "17408.69", "avg_price": "794.70", "yoy_volume_growth": null, "yoy_price_growth": null}}, {"model": "trade_ledger.tradetrend", "pk": 323, "fields": {"company": 37, "product": 22, "month": 7, "year": 2024, "volume": "44580.86", "avg_price": "1839.35", "yoy_volume_growth": null, "yoy_price_growth": null}}, {"model": "trade_ledger.tradetrend", "pk": 324, "fields": {"company": 37, "product": 23, "month": 7, "year": 2024, "volume": "44220.37", "avg_price": "325.27", "yoy_volume_growth": null, "yoy_price_growth": null}}, {"model": "trade_ledger.tradetrend", "pk": 325, "fields": {"company": 37, "product": 24, "month": 6, "year": 2024, "volume": "23906.85", "avg_price": "1702.87", "yoy_volume_growth": null, "yoy_price_growth": null}}, {"model": "trade_ledger.tradetrend", "pk": 326, "fields": {"company": 37, "product": 25, "month": 6, "year": 2024, "volume": "5096.79", "avg_price": "760.42", "yoy_volume_growth": null, "yoy_price_growth": null}}, {"model": "trade_ledger.tradetrend", "pk": 327, "fields": {"company": 37, "product": 22, "month": 5, "year": 2024, "volume": "33353.40", "avg_price": "1786.53", "yoy_volume_growth": null, "yoy_price_growth": null}}, {"model": "trade_ledger.tradetrend", "pk": 328, "fields": {"company": 37, "product": 23, "month": 5, "year": 2024, "volume": "37579.93", "avg_price": "373.95", "yoy_volume_growth": null, "yoy_price_growth": null}}, {"model": "trade_ledger.tradetrend", "pk": 329, "fields": {"company": 37, "product": 25, "month": 4, "year": 2024, "volume": "4368.98", "avg_price": "767.49", "yoy_volume_growth": null, "yoy_price_growth": null}}, {"model": "trade_ledger.tradetrend", "pk": 330, "fields": {"company": 37, "product": 22, "month": 4, "year": 2024, "volume": "42325.34", "avg_price": "1746.58", "yoy_volume_growth": null, "yoy_price_growth": null}}, {"model": "trade_ledger.tradetrend", "pk": 331, "fields": {"company": 37, "product": 22, "month": 3, "year": 2024, "volume": "31923.63", "avg_price": "1532.28", "yoy_volume_growth": null, "yoy_price_growth": null}}, {"model": "trade_ledger.tradetrend", "pk": 332, "fields": {"company": 37, "product": 23, "month": 3, "year": 2024, "volume": "38806.42", "avg_price": "354.52", "yoy_volume_growth": null, "yoy_price_growth": null}}, {"model": "trade_ledger.tradetrend", "pk": 333, "fields": {"company": 37, "product": 23, "month": 2, "year": 2024, "volume": "31967.96", "avg_price": "342.47", "yoy_volume_growth": null, "yoy_price_growth": null}}, {"model": "trade_ledger.tradetrend", "pk": 334, "fields": {"company": 37, "product": 24, "month": 2, "year": 2024, "volume": "25720.40", "avg_price": "1880.40", "yoy_volume_growth": null, "yoy_price_growth": null}}, {"model": "trade_ledger.tradetrend", "pk": 335, "fields": {"company": 37, "product": 24, "month": 1, "year": 2024, "volume": "23008.90", "avg_price": "1808.53", "yoy_volume_growth": null, "yoy_price_growth": null}}, {"model": "trade_ledger.tradetrend", "pk": 336, "fields": {"company": 37, "product": 25, "month": 1, "year": 2024, "volume": "4643.00", "avg_price": "777.15", "yoy_volume_growth": null, "yoy_price_growth": null}}, {"model": "trade_ledger.tradetrend", "pk": 337, "fields": {"company": 38, "product": 30, "month": 12, "year": 2025, "volume": "34799.88", "avg_price": "575.95", "yoy_volume_growth": "12.07", "yoy_price_growth": "6.91"}}, {"model": "trade_ledger.tradetrend", "pk": 338, "fields": {"company": 38, "product": 28, "month": 12, "year": 2025, "volume": "36575.30", "avg_price": "534.53", "yoy_volume_growth": "13.19", "yoy_price_growth": "2.51"}}, {"model": "trade_ledger.tradetrend", "pk": 339, "fields": {"company": 38, "product": 27, "month": 11, "year": 2025, "volume": "12824.19", "avg_price": "974.76", "yoy_volume_growth": "23.00", "yoy_price_growth": "11.64"}}, {"model": "trade_ledger.tradetrend", "pk": 340, "fields": {"company": 38, "product": 30, "month": 11, "year": 2025, "volume": "40640.22", "avg_price": "669.87", "yoy_volume_growth": "-9.31", "yoy_price_growth": "9.58"}}, {"model": "trade_ledger.tradetrend", "pk": 341, "fields": {"company": 38, "product": 27, "month": 10, "year": 2025, "volume": "13025.84", "avg_price": "974.27", "yoy_volume_growth": "1.40", "yoy_price_growth": "9.97"}}, {"model": "trade_ledger.tradetrend", "pk": 342, "fields": {"company": 38, "product": 28, "month": 10, "year": 2025, "volume": "31041.54", "avg_price": "515.28", "yoy_volume_growth": "-5.35", "yoy_price_growth": "-1.78"}}, {"model": "trade_ledger.tradetrend", "pk": 343, "fields": {"company": 38, "product": 31, "month": 9, "year": 2025, "volume": "27441.14", "avg_price": "549.69", "yoy_volume_growth": "-9.82", "yoy_price_growth": "10.46"}}, {"model": "trade_ledger.tradetrend", "pk": 344, "fields": {"company": 38, "product": 29, "month": 9, "year": 2025, "volume": "40114.96", "avg_price": "1609.49", "yoy_volume_growth": "7.17", "yoy_price_growth": "10.18"}}, {"model": "trade_ledger.tradetrend", "pk": 345, "fields": {"company": 38, "product": 31, "month": 8, "year": 2025, "volume": "24007.08", "avg_price": "538.36", "yoy_volume_growth": "-5.62", "yoy_price_growth": "2.72"}}, {"model": "trade_ledger.tradetrend", "pk": 346, "fields": {"company": 38, "product": 29, "month": 8, "year": 2025, "volume": "37165.06", "avg_price": "1614.91", "yoy_volume_growth": "6.62", "yoy_price_growth": "5.37"}}, {"model": "trade_ledger.tradetrend", "pk": 347, "fields": {"company": 38, "product": 29, "month": 7, "year": 2025, "volume": "34879.18", "avg_price": "1583.06", "yoy_volume_growth": "-0.01", "yoy_price_growth": "-4.67"}}, {"model": "trade_ledger.tradetrend", "pk": 348, "fields": {"company": 38, "product": 27, "month": 7, "year": 2025, "volume": "12624.90", "avg_price": "986.06", "yoy_volume_growth": "22.90", "yoy_price_growth": "-3.96"}}, {"model": "trade_ledger.tradetrend", "pk": 349, "fields": {"company": 38, "product": 31, "month": 6, "year": 2025, "volume": "23476.65", "avg_price": "602.90", "yoy_volume_growth": "21.10", "yoy_price_growth": "7.22"}}, {"model": "trade_ledger.tradetrend", "pk": 350, "fields": {"company": 38, "product": 30, "month": 6, "year": 2025, "volume": "47155.47", "avg_price": "597.04", "yoy_volume_growth": "-1.55", "yoy_price_growth": "6.04"}}, {"model": "trade_ledger.tradetrend", "pk": 351, "fields": {"company": 38, "product": 29, "month": 5, "year": 2025, "volume": "44466.21", "avg_price": "1680.63", "yoy_volume_growth": "18.72", "yoy_price_growth": "5.68"}}, {"model": "trade_ledger.tradetrend", "pk": 352, "fields": {"company": 38, "product": 28, "month": 5, "year": 2025, "volume": "32062.95", "avg_price": "536.27", "yoy_volume_growth": "3.40", "yoy_price_growth": "10.70"}}, {"model": "trade_ledger.tradetrend", "pk": 353, "fields": {"company": 38, "product": 29, "month": 4, "year": 2025, "volume": "46000.51", "avg_price": "1462.72", "yoy_volume_growth": "6.48", "yoy_price_growth": "2.92"}}, {"model": "trade_ledger.tradetrend", "pk": 354, "fields": {"company": 38, "product": 30, "month": 4, "year": 2025, "volume": "34465.65", "avg_price": "669.58", "yoy_volume_growth": "3.59", "yoy_price_growth": "-2.13"}}, {"model": "trade_ledger.tradetrend", "pk": 355, "fields": {"company": 38, "product": 27, "month": 3, "year": 2025, "volume": "12261.02", "avg_price": "949.11", "yoy_volume_growth": "10.07", "yoy_price_growth": "12.05"}}, {"model": "trade_ledger.tradetrend", "pk": 356, "fields": {"company": 38, "product": 30, "month": 3, "year": 2025, "volume": "34880.17", "avg_price": "600.05", "yoy_volume_growth": "24.71", "yoy_price_growth": "13.03"}}, {"model": "trade_ledger.tradetrend", "pk": 357, "fields": {"company": 38, "product": 27, "month": 2, "year": 2025, "volume": "13700.88", "avg_price": "1006.44", "yoy_volume_growth": "16.69", "yoy_price_growth": "-3.47"}}, {"model": "trade_ledger.tradetrend", "pk": 358, "fields": {"company": 38, "product": 31, "month": 2, "year": 2025, "volume": "29861.92", "avg_price": "590.65", "yoy_volume_growth": "14.01", "yoy_price_growth": "13.62"}}, {"model": "trade_ledger.tradetrend", "pk": 359, "fields": {"company": 38, "product": 28, "month": 1, "year": 2025, "volume": "37431.67", "avg_price": "533.41", "yoy_volume_growth": "-2.67", "yoy_price_growth": "5.87"}}, {"model": "trade_ledger.tradetrend", "pk": 360, "fields": {"company": 38, "product": 27, "month": 1, "year": 2025, "volume": "10437.09", "avg_price": "1140.44", "yoy_volume_growth": "18.18", "yoy_price_growth": "13.39"}}, {"model": "trade_ledger.tradetrend", "pk": 361, "fields": {"company": 38, "product": 29, "month": 12, "year": 2024, "volume": "38170.47", "avg_price": "1630.00", "yoy_volume_growth": null, "yoy_price_growth": null}}, {"model": "trade_ledger.tradetrend", "pk": 362, "fields": {"company": 38, "product": 28, "month": 12, "year": 2024, "volume": "30941.57", "avg_price": "518.50", "yoy_volume_growth": null, "yoy_price_growth": null}}, {"model": "trade_ledger.tradetrend", "pk": 363, "fields": {"company": 38, "product": 27, "month": 11, "year": 2024, "volume": "11739.66", "avg_price": "954.89", "yoy_volume_growth": null, "yoy_price_growth": null}}, {"model": "trade_ledger.tradetrend", "pk": 364, "fields": {"company": 38, "product": 28, "month": 11, "year": 2024, "volume": "30505.86", "avg_price": "509.60", "yoy_volume_growth": null, "yoy_price_growth": null}}, {"model": "trade_ledger.tradetrend", "pk": 365, "fields": {"company": 38, "product": 31, "month": 10, "year": 2024, "volume": "23369.71", "avg_price": "575.51", "yoy_volume_growth": null, "yoy_price_growth": null}}, {"model": "trade_ledger.tradetrend", "pk": 366, "fields": {"company": 38, "product": 29, "month": 10, "year": 2024, "volume": "45060.73", "avg_price": "1539.26", "yoy_volume_growth": null, "yoy_price_growth": null}}, {"model": "trade_ledger.tradetrend", "pk": 367, "fields": {"company": 38, "product": 30, "month": 9, "year": 2024, "volume": "44889.07", "avg_price": "610.12", "yoy_volume_growth": null, "yoy_price_growth": null}}, {"model": "trade_ledger.tradetrend", "pk": 368, "fields": {"company": 38, "product": 29, "month": 9, "year": 2024, "volume": "33295.35", "avg_price": "1651.63", "yoy_volume_growth": null, "yoy_price_growth": null}}, {"model": "trade_ledger.tradetrend", "pk": 369, "fields": {"company": 38, "product": 27, "month": 8, "year": 2024, "volume": "12044.00", "avg_price": "1040.67", "yoy_volume_growth": null, "yoy_price_growth": null}}, {"model": "trade_ledger.tradetrend", "pk": 370, "fields": {"company": 38, "product": 29, "month": 8, "year": 2024, "volume": "46826.34", "avg_price": "1498.97", "yoy_volume_growth": null, "yoy_price_growth": null}}, {"model": "trade_ledger.tradetrend", "pk": 371, "fields": {"company": 38, "product": 29, "month": 7, "year": 2024, "volume": "37175.33", "avg_price": "1740.09", "yoy_volume_growth": null, "yoy_price_growth": null}}, {"model": "trade_ledger.tradetrend", "pk": 372, "fields": {"company": 38, "product": 30, "month": 7, "year": 2024, "volume": "32835.61", "avg_price": "602.57", "yoy_volume_growth": null, "yoy_price_growth": null}}, {"model": "trade_ledger.tradetrend", "pk": 373, "fields": {"company": 38, "product": 30, "month": 6, "year": 2024, "volume": "42271.57", "avg_price": "580.52", "yoy_volume_growth": null, "yoy_price_growth": null}}, {"model": "trade_ledger.tradetrend", "pk": 374, "fields": {"company": 38, "product": 28, "month": 6, "year": 2024, "volume": "42224.21", "avg_price": "533.56", "yoy_volume_growth": null, "yoy_price_growth": null}}, {"model": "trade_ledger.tradetrend", "pk": 375, "fields": {"company": 38, "product": 30, "month": 5, "year": 2024, "volume": "47316.74", "avg_price": "600.24", "yoy_volume_growth": null, "yoy_price_growth": null}}, {"model": "trade_ledger.tradetrend", "pk": 376, "fields": {"company": 38, "product": 27, "month": 5, "year": 2024, "volume": "10560.79", "avg_price": "1136.45", "yoy_volume_growth": null, "yoy_price_growth": null}}, {"model": "trade_ledger.tradetrend", "pk": 377, "fields": {"company": 38, "product": 28, "month": 4, "year": 2024, "volume": "35504.14", "avg_price": "609.04", "yoy_volume_growth": null, "yoy_price_growth": null}}, {"model": "trade_ledger.tradetrend", "pk": 378, "fields": {"company": 38, "product": 29, "month": 4, "year": 2024, "volume": "36638.23", "avg_price": "1427.39", "yoy_volume_growth": null, "yoy_price_growth": null}}, {"model": "trade_ledger.tradetrend", "pk": 379, "fields": {"company": 38, "product": 28, "month": 3, "year": 2024, "volume": "30786.40", "avg_price": "583.28", "yoy_volume_growth": null, "yoy_price_growth": null}}, {"model": "trade_ledger.tradetrend", "pk": 380, "fields": {"company": 38, "product": 29, "month": 3, "year": 2024, "volume": "36100.13", "avg_price": "1564.63", "yoy_volume_growth": null, "yoy_price_growth": null}}, {"model": "trade_ledger.tradetrend", "pk": 381, "fields": {"company": 38, "product": 29, "month": 2, "year": 2024, "volume": "35410.86", "avg_price": "1689.72", "yoy_volume_growth": null, "yoy_price_growth": null}}, {"model": "trade_ledger.tradetrend", "pk": 382, "fields": {"company": 38, "product": 30, "month": 2, "year": 2024, "volume": "37500.25", "avg_price": "648.83", "yoy_volume_growth": null, "yoy_price_growth": null}}, {"model": "trade_ledger.tradetrend", "pk": 383, "fields": {"company": 38, "product": 29, "month": 1, "year": 2024, "volume": "36825.85", "avg_price": "1712.23", "yoy_volume_growth": null, "yoy_price_growth": null}}, {"model": "trade_ledger.tradetrend", "pk": 384, "fields": {"company": 38, "product": 30, "month": 1, "year": 2024, "volume": "41356.62", "avg_price": "628.54", "yoy_volume_growth": null, "yoy_price_growth": null}}, {"model": "trade_ledger.tradetrend", "pk": 385, "fields": {"company": 39, "product": 34, "month": 12, "year": 2025, "volume": "18087.14", "avg_price": "2019.41", "yoy_volume_growth": "24.70", "yoy_price_growth": "-2.35"}}, {"model": "trade_ledger.tradetrend", "pk": 386, "fields": {"company": 39, "product": 32, "month": 12, "year": 2025, "volume": "44199.62", "avg_price": "1300.14", "yoy_volume_growth": "2.99", "yoy_price_growth": "-1.00"}}, {"model": "trade_ledger.tradetrend", "pk": 387, "fields": {"company": 39, "product": 32, "month": 11, "year": 2025, "volume": "39236.15", "avg_price": "1266.07", "yoy_volume_growth": "7.94", "yoy_price_growth": "-2.14"}}, {"model": "trade_ledger.tradetrend", "pk": 388, "fields": {"company": 39, "product": 33, "month": 11, "year": 2025, "volume": "13816.79", "avg_price": "236.73", "yoy_volume_growth": "14.43", "yoy_price_growth": "-3.29"}}, {"model": "trade_ledger.tradetrend", "pk": 389, "fields": {"company": 39, "product": 33, "month": 10, "year": 2025, "volume": "12310.14", "avg_price": "234.86", "yoy_volume_growth": "4.52", "yoy_price_growth": "10.62"}}, {"model": "trade_ledger.tradetrend", "pk": 390, "fields": {"company": 39, "product": 32, "month": 10, "year": 2025, "volume": "34315.05", "avg_price": "1459.28", "yoy_volume_growth": "-6.25", "yoy_price_growth": "2.01"}}, {"model": "trade_ledger.tradetrend", "pk": 391, "fields": {"company": 39, "product": 32, "month": 9, "year": 2025, "volume": "41711.36", "avg_price": "1232.29", "yoy_volume_growth": "0.18", "yoy_price_growth": "5.41"}}, {"model": "trade_ledger.tradetrend", "pk": 392, "fields": {"company": 39, "product": 33, "month": 9, "year": 2025, "volume": "11545.01", "avg_price": "225.50", "yoy_volume_growth": "6.55", "yoy_price_growth": "3.00"}}, {"model": "trade_ledger.tradetrend", "pk": 393, "fields": {"company": 39, "product": 34, "month": 8, "year": 2025, "volume": "20206.46", "avg_price": "1943.95", "yoy_volume_growth": "-5.16", "yoy_price_growth": "9.02"}}, {"model": "trade_ledger.tradetrend", "pk": 394, "fields": {"company": 39, "product": 33, "month": 8, "year": 2025, "volume": "12988.61", "avg_price": "242.56", "yoy_volume_growth": "-5.06", "yoy_price_growth": "7.54"}}, {"model": "trade_ledger.tradetrend", "pk": 395, "fields": {"company": 39, "product": 32, "month": 7, "year": 2025, "volume": "36342.77", "avg_price": "1469.76", "yoy_volume_growth": "9.07", "yoy_price_growth": "6.08"}}, {"model": "trade_ledger.tradetrend", "pk": 396, "fields": {"company": 39, "product": 33, "month": 7, "year": 2025, "volume": "13439.69", "avg_price": "231.63", "yoy_volume_growth": "15.56", "yoy_price_growth": "8.79"}}, {"model": "trade_ledger.tradetrend", "pk": 397, "fields": {"company": 39, "product": 32, "month": 6, "year": 2025, "volume": "46955.67", "avg_price": "1485.27", "yoy_volume_growth": "3.70", "yoy_price_growth": "3.17"}}, {"model": "trade_ledger.tradetrend", "pk": 398, "fields": {"company": 39, "product": 33, "month": 6, "year": 2025, "volume": "14467.70", "avg_price": "228.73", "yoy_volume_growth": "-7.39", "yoy_price_growth": "-1.71"}}, {"model": "trade_ledger.tradetrend", "pk": 399, "fields": {"company": 39, "product": 34, "month": 5, "year": 2025, "volume": "20693.47", "avg_price": "2003.06", "yoy_volume_growth": "-4.78", "yoy_price_growth": "3.25"}}, {"model": "trade_ledger.tradetrend", "pk": 400, "fields": {"company": 39, "product": 32, "month": 5, "year": 2025, "volume": "44285.72", "avg_price": "1340.37", "yoy_volume_growth": "14.91", "yoy_price_growth": "-1.02"}}, {"model": "trade_ledger.tradetrend", "pk": 401, "fields": {"company": 39, "product": 32, "month": 4, "year": 2025, "volume": "33894.13", "avg_price": "1251.17", "yoy_volume_growth": "5.97", "yoy_price_growth": "0.91"}}, {"model": "trade_ledger.tradetrend", "pk": 402, "fields": {"company": 39, "product": 34, "month": 4, "year": 2025, "volume": "17727.39", "avg_price": "1703.34", "yoy_volume_growth": "-3.33", "yoy_price_growth": "12.17"}}, {"model": "trade_ledger.tradetrend", "pk": 403, "fields": {"company": 39, "product": 33, "month": 3, "year": 2025, "volume": "14224.11", "avg_price": "226.24", "yoy_volume_growth": "20.87", "yoy_price_growth": "13.24"}}, {"model": "trade_ledger.tradetrend", "pk": 404, "fields": {"company": 39, "product": 32, "month": 3, "year": 2025, "volume": "42067.55", "avg_price": "1275.60", "yoy_volume_growth": "-2.49", "yoy_price_growth": "3.78"}}, {"model": "trade_ledger.tradetrend", "pk": 405, "fields": {"company": 39, "product": 34, "month": 2, "year": 2025, "volume": "18248.33", "avg_price": "1886.55", "yoy_volume_growth": "24.87", "yoy_price_growth": "5.11"}}, {"model": "trade_ledger.tradetrend", "pk": 406, "fields": {"company": 39, "product": 33, "month": 2, "year": 2025, "volume": "14743.97", "avg_price": "268.09", "yoy_volume_growth": "17.36", "yoy_price_growth": "5.96"}}, {"model": "trade_ledger.tradetrend", "pk": 407, "fields": {"company": 39, "product": 34, "month": 1, "year": 2025, "volume": "17700.33", "avg_price": "1915.79", "yoy_volume_growth": "13.82", "yoy_price_growth": "10.61"}}, {"model": "trade_ledger.tradetrend", "pk": 408, "fields": {"company": 39, "product": 32, "month": 1, "year": 2025, "volume": "35044.31", "avg_price": "1401.97", "yoy_volume_growth": "13.61", "yoy_price_growth": "5.89"}}, {"model": "trade_ledger.tradetrend", "pk": 409, "fields": {"company": 39, "product": 34, "month": 12, "year": 2024, "volume": "21660.39", "avg_price": "1887.82", "yoy_volume_growth": null, "yoy_price_growth": null}}, {"model": "trade_ledger.tradetrend", "pk": 410, "fields": {"company": 39, "product": 32, "month": 12, "year": 2024, "volume": "39214.71", "avg_price": "1461.27", "yoy_volume_growth": null, "yoy_price_growth": null}}, {"model": "trade_ledger.tradetrend", "pk": 411, "fields": {"company": 39, "product": 34, "month": 11, "year": 2024, "volume": "19817.18", "avg_price": "1698.46", "yoy_volume_growth": null, "yoy_price_growth": null}}, {"model": "trade_ledger.tradetrend", "pk": 412, "fields": {"company": 39, "product": 32, "month": 11, "year": 2024, "volume": "40545.56", "avg_price": "1308.98", "yoy_volume_growth": null, "yoy_price_growth": null}}, {"model": "trade_ledger.tradetrend", "pk": 413, "fields": {"company": 39, "product": 34, "month": 10, "year": 2024, "volume": "18483.45", "avg_price": "1715.97", "yoy_volume_growth": null, "yoy_price_growth": null}}, {"model": "trade_ledger.tradetrend", "pk": 414, "fields": {"company": 39, "product": 33, "month": 10, "year": 2024, "volume": "12802.03", "avg_price": "271.13", "yoy_volume_growth": null, "yoy_price_growth": null}}, {"model": "trade_ledger.tradetrend", "pk": 415, "fields": {"company": 39, "product": 33, "month": 9, "year": 2024, "volume": "10652.32", "avg_price": "264.64", "yoy_volume_growth": null, "yoy_price_growth": null}}, {"model": "trade_ledger.tradetrend", "pk": 416, "fields": {"company": 39, "product": 34, "month": 9, "year": 2024, "volume": "21435.23", "avg_price": "1979.70", "yoy_volume_growth": null, "yoy_price_growth": null}}, {"model": "trade_ledger.tradetrend", "pk": 417, "fields": {"company": 39, "product": 32, "month": 8, "year": 2024, "volume": "39251.48", "avg_price": "1281.84", "yoy_volume_growth": null, "yoy_price_growth": null}}, {"model": "trade_ledger.tradetrend", "pk": 418, "fields": {"company": 39, "product": 34, "month": 8, "year": 2024, "volume": "16892.03", "avg_price": "2035.08", "yoy_volume_growth": null, "yoy_price_growth": null}}, {"model": "trade_ledger.tradetrend", "pk": 419, "fields": {"company": 39, "product": 32, "month": 7, "year": 2024, "volume": "34729.37", "avg_price": "1293.16", "yoy_volume_growth": null, "yoy_price_growth": null}}, {"model": "trade_ledger.tradetrend", "pk": 420, "fields": {"company": 39, "product": 33, "month": 7, "year": 2024, "volume": "11627.86", "avg_price": "245.61", "yoy_volume_growth": null, "yoy_price_growth": null}}, {"model": "trade_ledger.tradetrend", "pk": 421, "fields": {"company": 39, "product": 32, "month": 6, "year": 2024, "volume": "40518.86", "avg_price": "1333.09", "yoy_volume_growth": null, "yoy_price_growth": null}}, {"model": "trade_ledger.tradetrend", "pk": 422, "fields": {"company": 39, "product": 34, "month": 6, "year": 2024, "volume": "20808.77", "avg_price": "1709.13", "yoy_volume_growth": null, "yoy_price_growth": null}}, {"model": "trade_ledger.tradetrend", "pk": 423, "fields": {"company": 39, "product": 33, "month": 5, "year": 2024, "volume": "11663.23", "avg_price": "266.61", "yoy_volume_growth": null, "yoy_price_growth": null}}, {"model": "trade_ledger.tradetrend", "pk": 424, "fields": {"company": 39, "product": 32, "month": 5, "year": 2024, "volume": "37662.93", "avg_price": "1386.71", "yoy_volume_growth": null, "yoy_price_growth": null}}, {"model": "trade_ledger.tradetrend", "pk": 425, "fields": {"company": 39, "product": 32, "month": 4, "year": 2024, "volume": "40177.77", "avg_price": "1226.07", "yoy_volume_growth": null, "yoy_price_growth": null}}, {"model": "trade_ledger.tradetrend", "pk": 426, "fields": {"company": 39, "product": 34, "month": 4, "year": 2024, "volume": "18878.60", "avg_price": "2020.56", "yoy_volume_growth": null, "yoy_price_growth": null}}, {"model": "trade_ledger.tradetrend", "pk": 427, "fields": {"company": 39, "product": 32, "month": 3, "year": 2024, "volume": "37144.20", "avg_price": "1232.24", "yoy_volume_growth": null, "yoy_price_growth": null}}, {"model": "trade_ledger.tradetrend", "pk": 428, "fields": {"company": 39, "product": 33, "month": 3, "year": 2024, "volume": "15427.23", "avg_price": "253.30", "yoy_volume_growth": null, "yoy_price_growth": null}}, {"model": "trade_ledger.tradetrend", "pk": 429, "fields": {"company": 39, "product": 33, "month": 2, "year": 2024, "volume": "11679.76", "avg_price": "237.75", "yoy_volume_growth": null, "yoy_price_growth": null}}, {"model": "trade_ledger.tradetrend", "pk": 430, "fields": {"company": 39, "product": 32, "month": 2, "year": 2024, "volume": "45133.61", "avg_price": "1342.75", "yoy_volume_growth": null, "yoy_price_growth": null}}, {"model": "trade_ledger.tradetrend", "pk": 431, "fields": {"company": 39, "product": 32, "month": 1, "year": 2024, "volume": "42172.09", "avg_price": "1491.20", "yoy_volume_growth": null, "yoy_price_growth": null}}, {"model": "trade_ledger.tradetrend", "pk": 432, "fields": {"company": 39, "product": 34, "month": 1, "year": 2024, "volume": "23717.72", "avg_price": "1937.80", "yoy_volume_growth": null, "yoy_price_growth": null}}, {"model": "trade_ledger.tradetrend", "pk": 433, "fields": {"company": 40, "product": 35, "month": 12, "year": 2025, "volume": "13784.96", "avg_price": "1375.23", "yoy_volume_growth": "15.26", "yoy_price_growth": "-1.12"}}, {"model": "trade_ledger.tradetrend", "pk": 434, "fields": {"company": 40, "product": 36, "month": 12, "year": 2025, "volume": "30108.79", "avg_price": "301.94", "yoy_volume_growth": "-2.72", "yoy_price_growth": "1.71"}}, {"model": "trade_ledger.tradetrend", "pk": 435, "fields": {"company": 40, "product": 36, "month": 11, "year": 2025, "volume": "26872.75", "avg_price": "283.94", "yoy_volume_growth": "17.93", "yoy_price_growth": "2.47"}}, {"model": "trade_ledger.tradetrend", "pk": 436, "fields": {"company": 40, "product": 35, "month": 11, "year": 2025, "volume": "18838.85", "avg_price": "1311.12", "yoy_volume_growth": "-0.43", "yoy_price_growth": "14.22"}}, {"model": "trade_ledger.tradetrend", "pk": 437, "fields": {"company": 40, "product": 36, "month": 10, "year": 2025, "volume": "26361.31", "avg_price": "313.36", "yoy_volume_growth": "-9.05", "yoy_price_growth": "3.34"}}, {"model": "trade_ledger.tradetrend", "pk": 438, "fields": {"company": 40, "product": 35, "month": 10, "year": 2025, "volume": "13676.85", "avg_price": "1238.69", "yoy_volume_growth": "2.63", "yoy_price_growth": "5.88"}}, {"model": "trade_ledger.tradetrend", "pk": 439, "fields": {"company": 40, "product": 36, "month": 9, "year": 2025, "volume": "29659.27", "avg_price": "305.96", "yoy_volume_growth": "-0.24", "yoy_price_growth": "11.36"}}, {"model": "trade_ledger.tradetrend", "pk": 440, "fields": {"company": 40, "product": 35, "month": 9, "year": 2025, "volume": "16339.67", "avg_price": "1221.87", "yoy_volume_growth": "-2.46", "yoy_price_growth": "10.46"}}, {"model": "trade_ledger.tradetrend", "pk": 441, "fields": {"company": 40, "product": 35, "month": 8, "year": 2025, "volume": "16679.96", "avg_price": "1259.30", "yoy_volume_growth": "18.49", "yoy_price_growth": "-0.59"}}, {"model": "trade_ledger.tradetrend", "pk": 442, "fields": {"company": 40, "product": 36, "month": 8, "year": 2025, "volume": "27260.09", "avg_price": "308.65", "yoy_volume_growth": "-4.20", "yoy_price_growth": "5.47"}}, {"model": "trade_ledger.tradetrend", "pk": 443, "fields": {"company": 40, "product": 35, "month": 7, "year": 2025, "volume": "15030.79", "avg_price": "1400.06", "yoy_volume_growth": "8.06", "yoy_price_growth": "13.95"}}, {"model": "trade_ledger.tradetrend", "pk": 444, "fields": {"company": 40, "product": 36, "month": 7, "year": 2025, "volume": "30572.36", "avg_price": "319.68", "yoy_volume_growth": "10.98", "yoy_price_growth": "8.98"}}, {"model": "trade_ledger.tradetrend", "pk": 445, "fields": {"company": 40, "product": 36, "month": 6, "year": 2025, "volume": "25070.81", "avg_price": "277.61", "yoy_volume_growth": "2.15", "yoy_price_growth": "12.04"}}, {"model": "trade_ledger.tradetrend", "pk": 446, "fields": {"company": 40, "product": 35, "month": 6, "year": 2025, "volume": "15341.14", "avg_price": "1183.05", "yoy_volume_growth": "18.67", "yoy_price_growth": "-1.85"}}, {"model": "trade_ledger.tradetrend", "pk": 447, "fields": {"company": 40, "product": 36, "month": 5, "year": 2025, "volume": "28043.50", "avg_price": "277.33", "yoy_volume_growth": "-4.76", "yoy_price_growth": "1.49"}}, {"model": "trade_ledger.tradetrend", "pk": 448, "fields": {"company": 40, "product": 35, "month": 5, "year": 2025, "volume": "14093.96", "avg_price": "1402.32", "yoy_volume_growth": "5.79", "yoy_price_growth": "7.74"}}, {"model": "trade_ledger.tradetrend", "pk": 449, "fields": {"company": 40, "product": 36, "month": 4, "year": 2025, "volume": "23730.15", "avg_price": "312.43", "yoy_volume_growth": "17.79", "yoy_price_growth": "0.61"}}, {"model": "trade_ledger.tradetrend", "pk": 450, "fields": {"company": 40, "product": 35, "month": 4, "year": 2025, "volume": "17160.53", "avg_price": "1393.88", "yoy_volume_growth": "1.64", "yoy_price_growth": "12.66"}}, {"model": "trade_ledger.tradetrend", "pk": 451, "fields": {"company": 40, "product": 35, "month": 3, "year": 2025, "volume": "15912.39", "avg_price": "1174.94", "yoy_volume_growth": "1.99", "yoy_price_growth": "9.52"}}, {"model": "trade_ledger.tradetrend", "pk": 452, "fields": {"company": 40, "product": 36, "month": 3, "year": 2025, "volume": "29415.04", "avg_price": "335.26", "yoy_volume_growth": "-8.34", "yoy_price_growth": "6.60"}}, {"model": "trade_ledger.tradetrend", "pk": 453, "fields": {"company": 40, "product": 36, "month": 2, "year": 2025, "volume": "26946.38", "avg_price": "304.58", "yoy_volume_growth": "13.64", "yoy_price_growth": "9.42"}}, {"model": "trade_ledger.tradetrend", "pk": 454, "fields": {"company": 40, "product": 35, "month": 2, "year": 2025, "volume": "17328.57", "avg_price": "1377.92", "yoy_volume_growth": "19.38", "yoy_price_growth": "5.17"}}, {"model": "trade_ledger.tradetrend", "pk": 455, "fields": {"company": 40, "product": 35, "month": 1, "year": 2025, "volume": "13588.10", "avg_price": "1236.24", "yoy_volume_growth": "-4.85", "yoy_price_growth": "13.76"}}, {"model": "trade_ledger.tradetrend", "pk": 456, "fields": {"company": 40, "product": 36, "month": 1, "year": 2025, "volume": "22351.85", "avg_price": "307.04", "yoy_volume_growth": "-9.70", "yoy_price_growth": "2.93"}}, {"model": "trade_ledger.tradetrend", "pk": 457, "fields": {"company": 40, "product": 36, "month": 12, "year": 2024, "volume": "31910.05", "avg_price": "330.82", "yoy_volume_growth": null, "yoy_price_growth": null}}, {"model": "trade_ledger.tradetrend", "pk": 458, "fields": {"company": 40, "product": 35, "month": 12, "year": 2024, "volume": "14195.82", "avg_price": "1368.68", "yoy_volume_growth": null, "yoy_price_growth": null}}, {"model": "trade_ledger.tradetrend", "pk": 459, "fields": {"company": 40, "product": 35, "month": 11, "year": 2024, "volume": "15932.87", "avg_price": "1181.19", "yoy_volume_growth": null, "yoy_price_growth": null}}, {"model": "trade_ledger.tradetrend", "pk": 460, "fields": {"company": 40, "product": 36, "month": 11, "year": 2024, "volume": "27058.03", "avg_price": "334.20", "yoy_volume_growth": null, "yoy_price_growth": null}}, {"model": "trade_ledger.tradetrend", "pk": 461, "fields": {"company": 40, "product": 35, "month": 10, "year": 2024, "volume": "13597.45", "avg_price": "1161.73", "yoy_volume_growth": null, "yoy_price_growth": null}}, {"model": "trade_ledger.tradetrend", "pk": 462, "fields": {"company": 40, "product": 36, "month": 10, "year": 2024, "volume": "22899.69", "avg_price": "304.24", "yoy_volume_growth": null, "yoy_price_growth": null}}, {"model": "trade_ledger.tradetrend", "pk": 463, "fields": {"company": 40, "product": 35, "month": 9, "year": 2024, "volume": "15101.61", "avg_price": "1328.34", "yoy_volume_growth": null, "yoy_price_growth": null}}, {"model": "trade_ledger.tradetrend", "pk": 464, "fields": {"company": 40, "product": 36, "month": 9, "year": 2024, "volume": "27441.73", "avg_price": "330.22", "yoy_volume_growth": null, "yoy_price_growth": null}}, {"model": "trade_ledger.tradetrend", "pk": 465, "fields": {"company": 40, "product": 35, "month": 8, "year": 2024, "volume": "19091.25", "avg_price": "1184.11", "yoy_volume_growth": null, "yoy_price_growth": null}}, {"model": "trade_ledger.tradetrend", "pk": 466, "fields": {"company": 40, "product": 36, "month": 8, "year": 2024, "volume": "29661.05", "avg_price": "309.86", "yoy_volume_growth": null, "yoy_price_growth": null}}, {"model": "trade_ledger.tradetrend", "pk": 467, "fields": {"company": 40, "product": 36, "month": 7, "year": 2024, "volume": "27401.43", "avg_price": "302.49", "yoy_volume_growth": null, "yoy_price_growth": null}}, {"model": "trade_ledger.tradetrend", "pk": 468, "fields": {"company": 40, "product": 35, "month": 7, "year": 2024, "volume": "19908.35", "avg_price": "1234.40", "yoy_volume_growth": null, "yoy_price_growth": null}}, {"model": "trade_ledger.tradetrend", "pk": 469, "fields": {"company": 40, "product": 35, "month": 6, "year": 2024, "volume": "17684.78", "avg_price": "1159.06", "yoy_volume_growth": null, "yoy_price_growth": null}}, {"model": "trade_ledger.tradetrend", "pk": 470, "fields": {"company": 40, "product": 36, "month": 6, "year": 2024, "volume": "27140.62", "avg_price": "310.66", "yoy_volume_growth": null, "yoy_price_growth": null}}, {"model": "trade_ledger.tradetrend", "pk": 471, "fields": {"company": 40, "product": 35, "month": 5, "year": 2024, "volume": "17144.72", "avg_price": "1235.83", "yoy_volume_growth": null, "yoy_price_growth": null}}, {"model": "trade_ledger.tradetrend", "pk": 472, "fields": {"company": 40, "product": 36, "month": 5, "year": 2024, "volume": "24635.37", "avg_price": "334.39", "yoy_volume_growth": null, "yoy_price_growth": null}}, {"model": "trade_ledger.tradetrend", "pk": 473, "fields": {"company": 40, "product": 35, "month": 4, "year": 2024, "volume": "15658.06", "avg_price": "1323.11", "yoy_volume_growth": null, "yoy_price_growth": null}}, {"model": "trade_ledger.tradetrend", "pk": 474, "fields": {"company": 40, "product": 36, "month": 4, "year": 2024, "volume": "29529.59", "avg_price": "309.62", "yoy_volume_growth": null, "yoy_price_growth": null}}, {"model": "trade_ledger.tradetrend", "pk": 475, "fields": {"company": 40, "product": 36, "month": 3, "year": 2024, "volume": "22506.37", "avg_price": "301.84", "yoy_volume_growth": null, "yoy_price_growth": null}}, {"model": "trade_ledger.tradetrend", "pk": 476, "fields": {"company": 40, "product": 35, "month": 3, "year": 2024, "volume": "18160.84", "avg_price": "1335.89", "yoy_volume_growth": null, "yoy_price_growth": null}}, {"model": "trade_ledger.tradetrend", "pk": 477, "fields": {"company": 40, "product": 36, "month": 2, "year": 2024, "volume": "26443.81", "avg_price": "319.09", "yoy_volume_growth": null, "yoy_price_growth": null}}, {"model": "trade_ledger.tradetrend", "pk": 478, "fields": {"company": 40, "product": 35, "month": 2, "year": 2024, "volume": "17481.22", "avg_price": "1283.17", "yoy_volume_growth": null, "yoy_price_growth": null}}, {"model": "trade_ledger.tradetrend", "pk": 479, "fields": {"company": 40, "product": 35, "month": 1, "year": 2024, "volume": "17465.12", "avg_price": "1233.34", "yoy_volume_growth": null, "yoy_price_growth": null}}, {"model": "trade_ledger.tradetrend", "pk": 480, "fields": {"company": 40, "product": 36, "month": 1, "year": 2024, "volume": "32625.08", "avg_price": "303.88", "yoy_volume_growth": null, "yoy_price_growth": null}}, {"model": "trade_ledger.tradetrend", "pk": 481, "fields": {"company": 41, "product": 39, "month": 12, "year": 2025, "volume": "35659.34", "avg_price": "1317.48", "yoy_volume_growth": "-4.54", "yoy_price_growth": "13.29"}}, {"model": "trade_ledger.tradetrend", "pk": 482, "fields": {"company": 41, "product": 37, "month": 12, "year": 2025, "volume": "32911.57", "avg_price": "1282.95", "yoy_volume_growth": "6.20", "yoy_price_growth": "9.72"}}, {"model": "trade_ledger.tradetrend", "pk": 483, "fields": {"company": 41, "product": 41, "month": 11, "year": 2025, "volume": "46534.91", "avg_price": "911.58", "yoy_volume_growth": "5.54", "yoy_price_growth": "-0.66"}}, {"model": "trade_ledger.tradetrend", "pk": 484, "fields": {"company": 41, "product": 37, "month": 11, "year": 2025, "volume": "41044.54", "avg_price": "1409.93", "yoy_volume_growth": "18.58", "yoy_price_growth": "6.75"}}, {"model": "trade_ledger.tradetrend", "pk": 485, "fields": {"company": 41, "product": 41, "month": 10, "year": 2025, "volume": "35176.22", "avg_price": "977.55", "yoy_volume_growth": "12.28", "yoy_price_growth": "6.07"}}, {"model": "trade_ledger.tradetrend", "pk": 486, "fields": {"company": 41, "product": 38, "month": 10, "year": 2025, "volume": "45371.82", "avg_price": "807.15", "yoy_volume_growth": "24.85", "yoy_price_growth": "10.67"}}, {"model": "trade_ledger.tradetrend", "pk": 487, "fields": {"company": 41, "product": 38, "month": 9, "year": 2025, "volume": "42880.13", "avg_price": "849.57", "yoy_volume_growth": "8.93", "yoy_price_growth": "3.86"}}, {"model": "trade_ledger.tradetrend", "pk": 488, "fields": {"company": 41, "product": 41, "month": 9, "year": 2025, "volume": "32154.42", "avg_price": "990.05", "yoy_volume_growth": "-4.60", "yoy_price_growth": "-3.58"}}, {"model": "trade_ledger.tradetrend", "pk": 489, "fields": {"company": 41, "product": 41, "month": 8, "year": 2025, "volume": "35192.51", "avg_price": "994.88", "yoy_volume_growth": "-9.58", "yoy_price_growth": "4.54"}}, {"model": "trade_ledger.tradetrend", "pk": 490, "fields": {"company": 41, "product": 39, "month": 8, "year": 2025, "volume": "46548.76", "avg_price": "1236.35", "yoy_volume_growth": "10.77", "yoy_price_growth": "6.68"}}, {"model": "trade_ledger.tradetrend", "pk": 491, "fields": {"company": 41, "product": 41, "month": 7, "year": 2025, "volume": "31842.41", "avg_price": "876.74", "yoy_volume_growth": "-5.07", "yoy_price_growth": "1.24"}}, {"model": "trade_ledger.tradetrend", "pk": 492, "fields": {"company": 41, "product": 40, "month": 7, "year": 2025, "volume": "13964.27", "avg_price": "988.46", "yoy_volume_growth": "2.31", "yoy_price_growth": "-2.88"}}, {"model": "trade_ledger.tradetrend", "pk": 493, "fields": {"company": 41, "product": 37, "month": 6, "year": 2025, "volume": "29138.91", "avg_price": "1448.67", "yoy_volume_growth": "11.02", "yoy_price_growth": "9.57"}}, {"model": "trade_ledger.tradetrend", "pk": 494, "fields": {"company": 41, "product": 40, "month": 6, "year": 2025, "volume": "12423.57", "avg_price": "1127.23", "yoy_volume_growth": "-6.91", "yoy_price_growth": "2.62"}}, {"model": "trade_ledger.tradetrend", "pk": 495, "fields": {"company": 41, "product": 39, "month": 5, "year": 2025, "volume": "35573.04", "avg_price": "1188.62", "yoy_volume_growth": "-8.18", "yoy_price_growth": "0.31"}}, {"model": "trade_ledger.tradetrend", "pk": 496, "fields": {"company": 41, "product": 41, "month": 5, "year": 2025, "volume": "36465.64", "avg_price": "879.28", "yoy_volume_growth": "5.71", "yoy_price_growth": "-3.64"}}, {"model": "trade_ledger.tradetrend", "pk": 497, "fields": {"company": 41, "product": 39, "month": 4, "year": 2025, "volume": "42960.02", "avg_price": "1295.02", "yoy_volume_growth": "-2.38", "yoy_price_growth": "3.64"}}, {"model": "trade_ledger.tradetrend", "pk": 498, "fields": {"company": 41, "product": 40, "month": 4, "year": 2025, "volume": "16713.45", "avg_price": "1152.55", "yoy_volume_growth": "4.23", "yoy_price_growth": "11.38"}}, {"model": "trade_ledger.tradetrend", "pk": 499, "fields": {"company": 41, "product": 41, "month": 3, "year": 2025, "volume": "45479.15", "avg_price": "846.57", "yoy_volume_growth": "-4.87", "yoy_price_growth": "-1.85"}}, {"model": "trade_ledger.tradetrend", "pk": 500, "fields": {"company": 41, "product": 39, "month": 3, "year": 2025, "volume": "34081.11", "avg_price": "1340.83", "yoy_volume_growth": "-3.22", "yoy_price_growth": "-3.58"}}, {"model": "trade_ledger.tradetrend", "pk": 501, "fields": {"company": 41, "product": 37, "month": 2, "year": 2025, "volume": "37534.50", "avg_price": "1453.45", "yoy_volume_growth": "22.10", "yoy_price_growth": "13.37"}}, {"model": "trade_ledger.tradetrend", "pk": 502, "fields": {"company": 41, "product": 38, "month": 2, "year": 2025, "volume": "34617.25", "avg_price": "773.06", "yoy_volume_growth": "10.47", "yoy_price_growth": "-2.13"}}, {"model": "trade_ledger.tradetrend", "pk": 503, "fields": {"company": 41, "product": 41, "month": 1, "year": 2025, "volume": "35486.39", "avg_price": "934.60", "yoy_volume_growth": "-7.39", "yoy_price_growth": "9.34"}}, {"model": "trade_ledger.tradetrend", "pk": 504, "fields": {"company": 41, "product": 37, "month": 1, "year": 2025, "volume": "28421.58", "avg_price": "1222.59", "yoy_volume_growth": "23.33", "yoy_price_growth": "2.74"}}, {"model": "trade_ledger.tradetrend", "pk": 505, "fields": {"company": 41, "product": 39, "month": 12, "year": 2024, "volume": "42027.77", "avg_price": "1212.37", "yoy_volume_growth": null, "yoy_price_growth": null}}, {"model": "trade_ledger.tradetrend", "pk": 506, "fields": {"company": 41, "product": 38, "month": 12, "year": 2024, "volume": "44461.31", "avg_price": "867.72", "yoy_volume_growth": null, "yoy_price_growth": null}}, {"model": "trade_ledger.tradetrend", "pk": 507, "fields": {"company": 41, "product": 39, "month": 11, "year": 2024, "volume": "38705.52", "avg_price": "1202.32", "yoy_volume_growth": null, "yoy_price_growth": null}}, {"model": "trade_ledger.tradetrend", "pk": 508, "fields": {"company": 41, "product": 38, "month": 11, "year": 2024, "volume": "37693.51", "avg_price": "902.41", "yoy_volume_growth": null, "yoy_price_growth": null}}, {"model": "trade_ledger.tradetrend", "pk": 509, "fields": {"company": 41, "product": 38, "month": 10, "year": 2024, "volume": "47554.13", "avg_price": "801.23", "yoy_volume_growth": null, "yoy_price_growth": null}}, {"model": "trade_ledger.tradetrend", "pk": 510, "fields": {"company": 41, "product": 41, "month": 10, "year": 2024, "volume": "44542.93", "avg_price": "976.02", "yoy_volume_growth": null, "yoy_price_growth": null}}, {"model": "trade_ledger.tradetrend", "pk": 511, "fields": {"company": 41, "product": 37, "month": 9, "year": 2024, "volume": "40373.95", "avg_price": "1400.41", "yoy_volume_growth": null, "yoy_price_growth": null}}, {"model": "trade_ledger.tradetrend", "pk": 512, "fields": {"company": 41, "product": 38, "month": 9, "year": 2024, "volume": "37607.09", "avg_price": "896.59", "yoy_volume_growth": null, "yoy_price_growth": null}}, {"model": "trade_ledger.tradetrend", "pk": 513, "fields": {"company": 41, "product": 41, "month": 8, "year": 2024, "volume": "37967.91", "avg_price": "950.40", "yoy_volume_growth": null, "yoy_price_growth": null}}, {"model": "trade_ledger.tradetrend", "pk": 514, "fields": {"company": 41, "product": 39, "month": 8, "year": 2024, "volume": "42240.42", "avg_price": "1202.56", "yoy_volume_growth": null, "yoy_price_growth": null}}, {"model": "trade_ledger.tradetrend", "pk": 515, "fields": {"company": 41, "product": 40, "month": 7, "year": 2024, "volume": "12626.58", "avg_price": "1162.80", "yoy_volume_growth": null, "yoy_price_growth": null}}, {"model": "trade_ledger.tradetrend", "pk": 516, "fields": {"company": 41, "product": 41, "month": 7, "year": 2024, "volume": "46510.41", "avg_price": "904.39", "yoy_volume_growth": null, "yoy_price_growth": null}}, {"model": "trade_ledger.tradetrend", "pk": 517, "fields": {"company": 41, "product": 38, "month": 6, "year": 2024, "volume": "35561.29", "avg_price": "897.50", "yoy_volume_growth": null, "yoy_price_growth": null}}, {"model": "trade_ledger.tradetrend", "pk": 518, "fields": {"company": 41, "product": 39, "month": 6, "year": 2024, "volume": "47846.83", "avg_price": "1121.08", "yoy_volume_growth": null, "yoy_price_growth": null}}, {"model": "trade_ledger.tradetrend", "pk": 519, "fields": {"company": 41, "product": 38, "month": 5, "year": 2024, "volume": "43903.86", "avg_price": "924.94", "yoy_volume_growth": null, "yoy_price_growth": null}}, {"model": "trade_ledger.tradetrend", "pk": 520, "fields": {"company": 41, "product": 41, "month": 5, "year": 2024, "volume": "43215.64", "avg_price": "908.74", "yoy_volume_growth": null, "yoy_price_growth": null}}, {"model": "trade_ledger.tradetrend", "pk": 521, "fields": {"company": 41, "product": 38, "month": 4, "year": 2024, "volume": "40746.75", "avg_price": "920.06", "yoy_volume_growth": null, "yoy_price_growth": null}}, {"model": "trade_ledger.tradetrend", "pk": 522, "fields": {"company": 41, "product": 37, "month": 4, "year": 2024, "volume": "34254.47", "avg_price": "1368.23", "yoy_volume_growth": null, "yoy_price_growth": null}}, {"model": "trade_ledger.tradetrend", "pk": 523, "fields": {"company": 41, "product": 37, "month": 3, "year": 2024, "volume": "42268.28", "avg_price": "1348.23", "yoy_volume_growth": null, "yoy_price_growth": null}}, {"model": "trade_ledger.tradetrend", "pk": 524, "fields": {"company": 41, "product": 39, "month": 3, "year": 2024, "volume": "40263.72", "avg_price": "1305.40", "yoy_volume_growth": null, "yoy_price_growth": null}}, {"model": "trade_ledger.tradetrend", "pk": 525, "fields": {"company": 41, "product": 37, "month": 2, "year": 2024, "volume": "29886.71", "avg_price": "1219.46", "yoy_volume_growth": null, "yoy_price_growth": null}}, {"model": "trade_ledger.tradetrend", "pk": 526, "fields": {"company": 41, "product": 40, "month": 2, "year": 2024, "volume": "12470.13", "avg_price": "995.75", "yoy_volume_growth": null, "yoy_price_growth": null}}, {"model": "trade_ledger.tradetrend", "pk": 527, "fields": {"company": 41, "product": 41, "month": 1, "year": 2024, "volume": "45214.89", "avg_price": "952.17", "yoy_volume_growth": null, "yoy_price_growth": null}}, {"model": "trade_ledger.tradetrend", "pk": 528, "fields": {"company": 41, "product": 37, "month": 1, "year": 2024, "volume": "38353.44", "avg_price": "1342.28", "yoy_volume_growth": null, "yoy_price_growth": null}}, {"model": "trade_ledger.tradetrend", "pk": 529, "fields": {"company": 42, "product": 42, "month": 12, "year": 2025, "volume": "9302.43", "avg_price": "2067.63", "yoy_volume_growth": "5.99", "yoy_price_growth": "-1.07"}}, {"model": "trade_ledger.tradetrend", "pk": 530, "fields": {"company": 42, "product": 43, "month": 12, "year": 2025, "volume": "14511.75", "avg_price": "537.48", "yoy_volume_growth": "8.43", "yoy_price_growth": "14.16"}}, {"model": "trade_ledger.tradetrend", "pk": 531, "fields": {"company": 42, "product": 42, "month": 11, "year": 2025, "volume": "9403.96", "avg_price": "1949.41", "yoy_volume_growth": "-4.38", "yoy_price_growth": "4.53"}}, {"model": "trade_ledger.tradetrend", "pk": 532, "fields": {"company": 42, "product": 43, "month": 11, "year": 2025, "volume": "12476.00", "avg_price": "511.67", "yoy_volume_growth": "4.66", "yoy_price_growth": "11.62"}}, {"model": "trade_ledger.tradetrend", "pk": 533, "fields": {"company": 42, "product": 43, "month": 10, "year": 2025, "volume": "11619.91", "avg_price": "528.68", "yoy_volume_growth": "-5.75", "yoy_price_growth": "12.32"}}, {"model": "trade_ledger.tradetrend", "pk": 534, "fields": {"company": 42, "product": 42, "month": 10, "year": 2025, "volume": "10909.12", "avg_price": "1876.79", "yoy_volume_growth": "13.21", "yoy_price_growth": "12.74"}}, {"model": "trade_ledger.tradetrend", "pk": 535, "fields": {"company": 42, "product": 42, "month": 9, "year": 2025, "volume": "9116.87", "avg_price": "1956.21", "yoy_volume_growth": "14.90", "yoy_price_growth": "5.15"}}, {"model": "trade_ledger.tradetrend", "pk": 536, "fields": {"company": 42, "product": 43, "month": 9, "year": 2025, "volume": "16356.04", "avg_price": "555.18", "yoy_volume_growth": "1.73", "yoy_price_growth": "-2.72"}}, {"model": "trade_ledger.tradetrend", "pk": 537, "fields": {"company": 42, "product": 42, "month": 8, "year": 2025, "volume": "8645.09", "avg_price": "1989.80", "yoy_volume_growth": "-2.63", "yoy_price_growth": "-2.67"}}, {"model": "trade_ledger.tradetrend", "pk": 538, "fields": {"company": 42, "product": 43, "month": 8, "year": 2025, "volume": "14812.91", "avg_price": "525.80", "yoy_volume_growth": "7.81", "yoy_price_growth": "12.70"}}, {"model": "trade_ledger.tradetrend", "pk": 539, "fields": {"company": 42, "product": 43, "month": 7, "year": 2025, "volume": "15567.91", "avg_price": "465.04", "yoy_volume_growth": "13.27", "yoy_price_growth": "5.63"}}, {"model": "trade_ledger.tradetrend", "pk": 540, "fields": {"company": 42, "product": 42, "month": 7, "year": 2025, "volume": "9511.57", "avg_price": "1985.39", "yoy_volume_growth": "0.78", "yoy_price_growth": "5.10"}}, {"model": "trade_ledger.tradetrend", "pk": 541, "fields": {"company": 42, "product": 43, "month": 6, "year": 2025, "volume": "13324.10", "avg_price": "523.93", "yoy_volume_growth": "4.84", "yoy_price_growth": "-0.35"}}, {"model": "trade_ledger.tradetrend", "pk": 542, "fields": {"company": 42, "product": 42, "month": 6, "year": 2025, "volume": "9623.60", "avg_price": "1754.46", "yoy_volume_growth": "1.59", "yoy_price_growth": "2.09"}}, {"model": "trade_ledger.tradetrend", "pk": 543, "fields": {"company": 42, "product": 43, "month": 5, "year": 2025, "volume": "16782.98", "avg_price": "496.80", "yoy_volume_growth": "-4.93", "yoy_price_growth": "13.34"}}, {"model": "trade_ledger.tradetrend", "pk": 544, "fields": {"company": 42, "product": 42, "month": 5, "year": 2025, "volume": "10625.30", "avg_price": "1743.73", "yoy_volume_growth": "19.95", "yoy_price_growth": "10.86"}}, {"model": "trade_ledger.tradetrend", "pk": 545, "fields": {"company": 42, "product": 43, "month": 4, "year": 2025, "volume": "12872.82", "avg_price": "506.44", "yoy_volume_growth": "1.99", "yoy_price_growth": "1.59"}}, {"model": "trade_ledger.tradetrend", "pk": 546, "fields": {"company": 42, "product": 42, "month": 4, "year": 2025, "volume": "9655.31", "avg_price": "1913.85", "yoy_volume_growth": "24.07", "yoy_price_growth": "2.94"}}, {"model": "trade_ledger.tradetrend", "pk": 547, "fields": {"company": 42, "product": 42, "month": 3, "year": 2025, "volume": "10655.82", "avg_price": "1931.59", "yoy_volume_growth": "14.22", "yoy_price_growth": "10.86"}}, {"model": "trade_ledger.tradetrend", "pk": 548, "fields": {"company": 42, "product": 43, "month": 3, "year": 2025, "volume": "13033.23", "avg_price": "538.35", "yoy_volume_growth": "11.36", "yoy_price_growth": "-3.84"}}, {"model": "trade_ledger.tradetrend", "pk": 549, "fields": {"company": 42, "product": 43, "month": 2, "year": 2025, "volume": "14545.55", "avg_price": "498.62", "yoy_volume_growth": "1.84", "yoy_price_growth": "5.14"}}, {"model": "trade_ledger.tradetrend", "pk": 550, "fields": {"company": 42, "product": 42, "month": 2, "year": 2025, "volume": "11095.23", "avg_price": "1870.17", "yoy_volume_growth": "12.27", "yoy_price_growth": "4.66"}}, {"model": "trade_ledger.tradetrend", "pk": 551, "fields": {"company": 42, "product": 43, "month": 1, "year": 2025, "volume": "16239.74", "avg_price": "513.93", "yoy_volume_growth": "5.33", "yoy_price_growth": "-4.24"}}, {"model": "trade_ledger.tradetrend", "pk": 552, "fields": {"company": 42, "product": 42, "month": 1, "year": 2025, "volume": "9399.53", "avg_price": "1854.92", "yoy_volume_growth": "20.84", "yoy_price_growth": "4.76"}}, {"model": "trade_ledger.tradetrend", "pk": 553, "fields": {"company": 42, "product": 42, "month": 12, "year": 2024, "volume": "9564.72", "avg_price": "1886.02", "yoy_volume_growth": null, "yoy_price_growth": null}}, {"model": "trade_ledger.tradetrend", "pk": 554, "fields": {"company": 42, "product": 43, "month": 12, "year": 2024, "volume": "14233.11", "avg_price": "463.73", "yoy_volume_growth": null, "yoy_price_growth": null}}, {"model": "trade_ledger.tradetrend", "pk": 555, "fields": {"company": 42, "product": 42, "month": 11, "year": 2024, "volume": "12154.52", "avg_price": "1864.65", "yoy_volume_growth": null, "yoy_price_growth": null}}, {"model": "trade_ledger.tradetrend", "pk": 556, "fields": {"company": 42, "product": 43, "month": 11, "year": 2024, "volume": "16419.60", "avg_price": "512.82", "yoy_volume_growth": null, "yoy_price_growth": null}}, {"model": "trade_ledger.tradetrend", "pk": 557, "fields": {"company": 42, "product": 42, "month": 10, "year": 2024, "volume": "10914.18", "avg_price": "1844.59", "yoy_volume_growth": null, "yoy_price_growth": null}}, {"model": "trade_ledger.tradetrend", "pk": 558, "fields": {"company": 42, "product": 43, "month": 10, "year": 2024, "volume": "13713.60", "avg_price": "535.11", "yoy_volume_growth": null, "yoy_price_growth": null}}, {"model": "trade_ledger.tradetrend", "pk": 559, "fields": {"company": 42, "product": 42, "month": 9, "year": 2024, "volume": "11589.85", "avg_price": "2083.83", "yoy_volume_growth": null, "yoy_price_growth": null}}, {"model": "trade_ledger.tradetrend", "pk": 560, "fields": {"company": 42, "product": 43, "month": 9, "year": 2024, "volume": "15041.60", "avg_price": "558.99", "yoy_volume_growth": null, "yoy_price_growth": null}}, {"model": "trade_ledger.tradetrend", "pk": 561, "fields": {"company": 42, "product": 42, "month": 8, "year": 2024, "volume": "8623.88", "avg_price": "1895.85", "yoy_volume_growth": null, "yoy_price_growth": null}}, {"model": "trade_ledger.tradetrend", "pk": 562, "fields": {"company": 42, "product": 43, "month": 8, "year": 2024, "volume": "14743.14", "avg_price": "554.81", "yoy_volume_growth": null, "yoy_price_growth": null}}, {"model": "trade_ledger.tradetrend", "pk": 563, "fields": {"company": 42, "product": 42, "month": 7, "year": 2024, "volume": "12049.58", "avg_price": "1729.53", "yoy_volume_growth": null, "yoy_price_growth": null}}, {"model": "trade_ledger.tradetrend", "pk": 564, "fields": {"company": 42, "product": 43, "month": 7, "year": 2024, "volume": "16910.14", "avg_price": "506.71", "yoy_volume_growth": null, "yoy_price_growth": null}}, {"model": "trade_ledger.tradetrend", "pk": 565, "fields": {"company": 42, "product": 43, "month": 6, "year": 2024, "volume": "12734.84", "avg_price": "493.12", "yoy_volume_growth": null, "yoy_price_growth": null}}, {"model": "trade_ledger.tradetrend", "pk": 566, "fields": {"company": 42, "product": 42, "month": 6, "year": 2024, "volume": "9396.70", "avg_price": "1954.94", "yoy_volume_growth": null, "yoy_price_growth": null}}, {"model": "trade_ledger.tradetrend", "pk": 567, "fields": {"company": 42, "product": 43, "month": 5, "year": 2024, "volume": "12135.33", "avg_price": "476.36", "yoy_volume_growth": null, "yoy_price_growth": null}}, {"model": "trade_ledger.tradetrend", "pk": 568, "fields": {"company": 42, "product": 42, "month": 5, "year": 2024, "volume": "10942.49", "avg_price": "1987.11", "yoy_volume_growth": null, "yoy_price_growth": null}}, {"model": "trade_ledger.tradetrend", "pk": 569, "fields": {"company": 42, "product": 43, "month": 4, "year": 2024, "volume": "13601.99", "avg_price": "488.39", "yoy_volume_growth": null, "yoy_price_growth": null}}, {"model": "trade_ledger.tradetrend", "pk": 570, "fields": {"company": 42, "product": 42, "month": 4, "year": 2024, "volume": "12537.62", "avg_price": "2012.25", "yoy_volume_growth": null, "yoy_price_growth": null}}, {"model": "trade_ledger.tradetrend", "pk": 571, "fields": {"company": 42, "product": 43, "month": 3, "year": 2024, "volume": "13197.77", "avg_price": "500.80", "yoy_volume_growth": null, "yoy_price_growth": null}}, {"model": "trade_ledger.tradetrend", "pk": 572, "fields": {"company": 42, "product": 42, "month": 3, "year": 2024, "volume": "10101.48", "avg_price": "1820.58", "yoy_volume_growth": null, "yoy_price_growth": null}}, {"model": "trade_ledger.tradetrend", "pk": 573, "fields": {"company": 42, "product": 42, "month": 2, "year": 2024, "volume": "8540.74", "avg_price": "1989.50", "yoy_volume_growth": null, "yoy_price_growth": null}}, {"model": "trade_ledger.tradetrend", "pk": 574, "fields": {"company": 42, "product": 43, "month": 2, "year": 2024, "volume": "11762.26", "avg_price": "495.45", "yoy_volume_growth": null, "yoy_price_growth": null}}, {"model": "trade_ledger.tradetrend", "pk": 575, "fields": {"company": 42, "product": 43, "month": 1, "year": 2024, "volume": "12536.53", "avg_price": "508.58", "yoy_volume_growth": null, "yoy_price_growth": null}}, {"model": "trade_ledger.tradetrend", "pk": 576, "fields": {"company": 42, "product": 42, "month": 1, "year": 2024, "volume": "12191.20", "avg_price": "2084.60", "yoy_volume_growth": null, "yoy_price_growth": null}}, {"model": "trade_ledger.tradetrend", "pk": 577, "fields": {"company": 43, "product": 45, "month": 12, "year": 2025, "volume": "915.12", "avg_price": "327.14", "yoy_volume_growth": "-9.75", "yoy_price_growth": "-0.72"}}, {"model": "trade_ledger.tradetrend", "pk": 578, "fields": {"company": 43, "product": 46, "month": 12, "year": 2025, "volume": "30707.62", "avg_price": "1758.62", "yoy_volume_growth": "11.03", "yoy_price_growth": "-4.17"}}, {"model": "trade_ledger.tradetrend", "pk": 579, "fields": {"company": 43, "product": 47, "month": 11, "year": 2025, "volume": "15185.06", "avg_price": "589.19", "yoy_volume_growth": "-0.99", "yoy_price_growth": "4.72"}}, {"model": "trade_ledger.tradetrend", "pk": 580, "fields": {"company": 43, "product": 46, "month": 11, "year": 2025, "volume": "25965.36", "avg_price": "1668.87", "yoy_volume_growth": "23.74", "yoy_price_growth": "5.73"}}, {"model": "trade_ledger.tradetrend", "pk": 581, "fields": {"company": 43, "product": 44, "month": 10, "year": 2025, "volume": "39616.32", "avg_price": "1077.25", "yoy_volume_growth": "16.04", "yoy_price_growth": "6.76"}}, {"model": "trade_ledger.tradetrend", "pk": 582, "fields": {"company": 43, "product": 47, "month": 10, "year": 2025, "volume": "22158.94", "avg_price": "569.55", "yoy_volume_growth": "4.32", "yoy_price_growth": "1.81"}}, {"model": "trade_ledger.tradetrend", "pk": 583, "fields": {"company": 43, "product": 46, "month": 9, "year": 2025, "volume": "30989.08", "avg_price": "1815.32", "yoy_volume_growth": "-8.88", "yoy_price_growth": "-2.74"}}, {"model": "trade_ledger.tradetrend", "pk": 584, "fields": {"company": 43, "product": 47, "month": 9, "year": 2025, "volume": "19028.23", "avg_price": "583.64", "yoy_volume_growth": "8.03", "yoy_price_growth": "0.08"}}, {"model": "trade_ledger.tradetrend", "pk": 585, "fields": {"company": 43, "product": 44, "month": 8, "year": 2025, "volume": "28048.29", "avg_price": "1072.98", "yoy_volume_growth": "10.06", "yoy_price_growth": "3.16"}}, {"model": "trade_ledger.tradetrend", "pk": 586, "fields": {"company": 43, "product": 46, "month": 8, "year": 2025, "volume": "25997.66", "avg_price": "1991.59", "yoy_volume_growth": "-5.72", "yoy_price_growth": "8.59"}}, {"model": "trade_ledger.tradetrend", "pk": 587, "fields": {"company": 43, "product": 46, "month": 7, "year": 2025, "volume": "27641.90", "avg_price": "1921.51", "yoy_volume_growth": "8.53", "yoy_price_growth": "12.25"}}, {"model": "trade_ledger.tradetrend", "pk": 588, "fields": {"company": 43, "product": 44, "month": 7, "year": 2025, "volume": "33269.14", "avg_price": "1181.15", "yoy_volume_growth": "20.47", "yoy_price_growth": "11.29"}}, {"model": "trade_ledger.tradetrend", "pk": 589, "fields": {"company": 43, "product": 44, "month": 6, "year": 2025, "volume": "39604.15", "avg_price": "1049.21", "yoy_volume_growth": "14.67", "yoy_price_growth": "14.03"}}, {"model": "trade_ledger.tradetrend", "pk": 590, "fields": {"company": 43, "product": 46, "month": 6, "year": 2025, "volume": "32712.94", "avg_price": "1666.53", "yoy_volume_growth": "3.39", "yoy_price_growth": "11.61"}}, {"model": "trade_ledger.tradetrend", "pk": 591, "fields": {"company": 43, "product": 46, "month": 5, "year": 2025, "volume": "29474.00", "avg_price": "1685.16", "yoy_volume_growth": "11.03", "yoy_price_growth": "-1.74"}}, {"model": "trade_ledger.tradetrend", "pk": 592, "fields": {"company": 43, "product": 45, "month": 5, "year": 2025, "volume": "1046.64", "avg_price": "318.09", "yoy_volume_growth": "-3.83", "yoy_price_growth": "-2.48"}}, {"model": "trade_ledger.tradetrend", "pk": 593, "fields": {"company": 43, "product": 44, "month": 4, "year": 2025, "volume": "33994.00", "avg_price": "1263.35", "yoy_volume_growth": "-3.99", "yoy_price_growth": "12.74"}}, {"model": "trade_ledger.tradetrend", "pk": 594, "fields": {"company": 43, "product": 47, "month": 4, "year": 2025, "volume": "21305.07", "avg_price": "585.25", "yoy_volume_growth": "3.13", "yoy_price_growth": "7.49"}}, {"model": "trade_ledger.tradetrend", "pk": 595, "fields": {"company": 43, "product": 45, "month": 3, "year": 2025, "volume": "1100.02", "avg_price": "308.73", "yoy_volume_growth": "16.28", "yoy_price_growth": "3.93"}}, {"model": "trade_ledger.tradetrend", "pk": 596, "fields": {"company": 43, "product": 44, "month": 3, "year": 2025, "volume": "33251.57", "avg_price": "1092.49", "yoy_volume_growth": "9.16", "yoy_price_growth": "5.96"}}, {"model": "trade_ledger.tradetrend", "pk": 597, "fields": {"company": 43, "product": 46, "month": 2, "year": 2025, "volume": "25105.97", "avg_price": "1689.19", "yoy_volume_growth": "-2.96", "yoy_price_growth": "-3.66"}}, {"model": "trade_ledger.tradetrend", "pk": 598, "fields": {"company": 43, "product": 45, "month": 2, "year": 2025, "volume": "847.45", "avg_price": "304.18", "yoy_volume_growth": "23.53", "yoy_price_growth": "14.47"}}, {"model": "trade_ledger.tradetrend", "pk": 599, "fields": {"company": 43, "product": 44, "month": 1, "year": 2025, "volume": "34816.08", "avg_price": "1122.17", "yoy_volume_growth": "7.44", "yoy_price_growth": "2.67"}}, {"model": "trade_ledger.tradetrend", "pk": 600, "fields": {"company": 43, "product": 45, "month": 1, "year": 2025, "volume": "1122.50", "avg_price": "310.37", "yoy_volume_growth": "-2.77", "yoy_price_growth": "11.81"}}, {"model": "trade_ledger.tradetrend", "pk": 601, "fields": {"company": 43, "product": 47, "month": 12, "year": 2024, "volume": "17968.16", "avg_price": "528.12", "yoy_volume_growth": null, "yoy_price_growth": null}}, {"model": "trade_ledger.tradetrend", "pk": 602, "fields": {"company": 43, "product": 45, "month": 12, "year": 2024, "volume": "832.94", "avg_price": "289.28", "yoy_volume_growth": null, "yoy_price_growth": null}}, {"model": "trade_ledger.tradetrend", "pk": 603, "fields": {"company": 43, "product": 46, "month": 11, "year": 2024, "volume": "30135.67", "avg_price": "1650.16", "yoy_volume_growth": null, "yoy_price_growth": null}}, {"model": "trade_ledger.tradetrend", "pk": 604, "fields": {"company": 43, "product": 47, "month": 11, "year": 2024, "volume": "15269.19", "avg_price": "584.50", "yoy_volume_growth": null, "yoy_price_growth": null}}, {"model": "trade_ledger.tradetrend", "pk": 605, "fields": {"company": 43, "product": 45, "month": 10, "year": 2024, "volume": "826.90", "avg_price": "294.11", "yoy_volume_growth": null, "yoy_price_growth": null}}, {"model": "trade_ledger.tradetrend", "pk": 606, "fields": {"company": 43, "product": 46, "month": 10, "year": 2024, "volume": "31570.81", "avg_price": "1814.97", "yoy_volume_growth": null, "yoy_price_growth": null}}, {"model": "trade_ledger.tradetrend", "pk": 607, "fields": {"company": 43, "product": 46, "month": 9, "year": 2024, "volume": "29601.70", "avg_price": "2002.66", "yoy_volume_growth": null, "yoy_price_growth": null}}, {"model": "trade_ledger.tradetrend", "pk": 608, "fields": {"company": 43, "product": 44, "month": 9, "year": 2024, "volume": "30817.39", "avg_price": "1249.53", "yoy_volume_growth": null, "yoy_price_growth": null}}, {"model": "trade_ledger.tradetrend", "pk": 609, "fields": {"company": 43, "product": 46, "month": 8, "year": 2024, "volume": "30473.14", "avg_price": "1969.04", "yoy_volume_growth": null, "yoy_price_growth": null}}, {"model": "trade_ledger.tradetrend", "pk": 610, "fields": {"company": 43, "product": 44, "month": 8, "year": 2024, "volume": "36974.53", "avg_price": "1076.47", "yoy_volume_growth": null, "yoy_price_growth": null}}, {"model": "trade_ledger.tradetrend", "pk": 611, "fields": {"company": 43, "product": 45, "month": 7, "year": 2024, "volume": "853.97", "avg_price": "343.34", "yoy_volume_growth": null, "yoy_price_growth": null}}, {"model": "trade_ledger.tradetrend", "pk": 612, "fields": {"company": 43, "product": 47, "month": 7, "year": 2024, "volume": "22066.48", "avg_price": "543.36", "yoy_volume_growth": null, "yoy_price_growth": null}}, {"model": "trade_ledger.tradetrend", "pk": 613, "fields": {"company": 43, "product": 44, "month": 6, "year": 2024, "volume": "37872.51", "avg_price": "1101.25", "yoy_volume_growth": null, "yoy_price_growth": null}}, {"model": "trade_ledger.tradetrend", "pk": 614, "fields": {"company": 43, "product": 45, "month": 6, "year": 2024, "volume": "1135.11", "avg_price": "316.29", "yoy_volume_growth": null, "yoy_price_growth": null}}, {"model": "trade_ledger.tradetrend", "pk": 615, "fields": {"company": 43, "product": 46, "month": 5, "year": 2024, "volume": "30941.38", "avg_price": "1970.98", "yoy_volume_growth": null, "yoy_price_growth": null}}, {"model": "trade_ledger.tradetrend", "pk": 616, "fields": {"company": 43, "product": 47, "month": 5, "year": 2024, "volume": "17548.79", "avg_price": "517.99", "yoy_volume_growth": null, "yoy_price_growth": null}}, {"model": "trade_ledger.tradetrend", "pk": 617, "fields": {"company": 43, "product": 47, "month": 4, "year": 2024, "volume": "15408.35", "avg_price": "570.70", "yoy_volume_growth": null, "yoy_price_growth": null}}, {"model": "trade_ledger.tradetrend", "pk": 618, "fields": {"company": 43, "product": 44, "month": 4, "year": 2024, "volume": "27937.06", "avg_price": "1179.31", "yoy_volume_growth": null, "yoy_price_growth": null}}, {"model": "trade_ledger.tradetrend", "pk": 619, "fields": {"company": 43, "product": 46, "month": 3, "year": 2024, "volume": "30527.37", "avg_price": "1906.02", "yoy_volume_growth": null, "yoy_price_growth": null}}, {"model": "trade_ledger.tradetrend", "pk": 620, "fields": {"company": 43, "product": 47, "month": 3, "year": 2024, "volume": "17325.68", "avg_price": "586.48", "yoy_volume_growth": null, "yoy_price_growth": null}}, {"model": "trade_ledger.tradetrend", "pk": 621, "fields": {"company": 43, "product": 46, "month": 2, "year": 2024, "volume": "24581.82", "avg_price": "1957.07", "yoy_volume_growth": null, "yoy_price_growth": null}}, {"model": "trade_ledger.tradetrend", "pk": 622, "fields": {"company": 43, "product": 44, "month": 2, "year": 2024, "volume": "35438.95", "avg_price": "1120.60", "yoy_volume_growth": null, "yoy_price_growth": null}}, {"model": "trade_ledger.tradetrend", "pk": 623, "fields": {"company": 43, "product": 44, "month": 1, "year": 2024, "volume": "41494.43", "avg_price": "1224.49", "yoy_volume_growth": null, "yoy_price_growth": null}}, {"model": "trade_ledger.tradetrend", "pk": 624, "fields": {"company": 43, "product": 46, "month": 1, "year": 2024, "volume": "29288.86", "avg_price": "1695.96", "yoy_volume_growth": null, "yoy_price_growth": null}}, {"model": "trade_ledger.tradetrend", "pk": 625, "fields": {"company": 44, "product": 52, "month": 12, "year": 2025, "volume": "11473.02", "avg_price": "492.55", "yoy_volume_growth": "2.75", "yoy_price_growth": "3.55"}}, {"model": "trade_ledger.tradetrend", "pk": 626, "fields": {"company": 44, "product": 51, "month": 12, "year": 2025, "volume": "17595.19", "avg_price": "1118.18", "yoy_volume_growth": "0.81", "yoy_price_growth": "12.30"}}, {"model": "trade_ledger.tradetrend", "pk": 627, "fields": {"company": 44, "product": 52, "month": 11, "year": 2025, "volume": "15296.00", "avg_price": "447.81", "yoy_volume_growth": "-5.57", "yoy_price_growth": "14.29"}}, {"model": "trade_ledger.tradetrend", "pk": 628, "fields": {"company": 44, "product": 50, "month": 11, "year": 2025, "volume": "15746.18", "avg_price": "1446.94", "yoy_volume_growth": "21.57", "yoy_price_growth": "4.47"}}, {"model": "trade_ledger.tradetrend", "pk": 629, "fields": {"company": 44, "product": 52, "month": 10, "year": 2025, "volume": "11529.49", "avg_price": "520.76", "yoy_volume_growth": "19.88", "yoy_price_growth": "10.94"}}, {"model": "trade_ledger.tradetrend", "pk": 630, "fields": {"company": 44, "product": 49, "month": 10, "year": 2025, "volume": "27690.47", "avg_price": "1647.25", "yoy_volume_growth": "13.46", "yoy_price_growth": "-0.82"}}, {"model": "trade_ledger.tradetrend", "pk": 631, "fields": {"company": 44, "product": 50, "month": 9, "year": 2025, "volume": "15404.29", "avg_price": "1412.05", "yoy_volume_growth": "4.99", "yoy_price_growth": "13.95"}}, {"model": "trade_ledger.tradetrend", "pk": 632, "fields": {"company": 44, "product": 48, "month": 9, "year": 2025, "volume": "4507.19", "avg_price": "1530.21", "yoy_volume_growth": "20.08", "yoy_price_growth": "-3.59"}}, {"model": "trade_ledger.tradetrend", "pk": 633, "fields": {"company": 44, "product": 51, "month": 8, "year": 2025, "volume": "20402.80", "avg_price": "1131.21", "yoy_volume_growth": "-4.11", "yoy_price_growth": "5.49"}}, {"model": "trade_ledger.tradetrend", "pk": 634, "fields": {"company": 44, "product": 49, "month": 8, "year": 2025, "volume": "26564.21", "avg_price": "1750.53", "yoy_volume_growth": "1.20", "yoy_price_growth": "4.88"}}, {"model": "trade_ledger.tradetrend", "pk": 635, "fields": {"company": 44, "product": 49, "month": 7, "year": 2025, "volume": "27532.80", "avg_price": "1764.67", "yoy_volume_growth": "9.46", "yoy_price_growth": "10.65"}}, {"model": "trade_ledger.tradetrend", "pk": 636, "fields": {"company": 44, "product": 51, "month": 7, "year": 2025, "volume": "16656.01", "avg_price": "1090.82", "yoy_volume_growth": "5.65", "yoy_price_growth": "12.53"}}, {"model": "trade_ledger.tradetrend", "pk": 637, "fields": {"company": 44, "product": 49, "month": 6, "year": 2025, "volume": "29348.08", "avg_price": "1615.47", "yoy_volume_growth": "7.84", "yoy_price_growth": "3.68"}}, {"model": "trade_ledger.tradetrend", "pk": 638, "fields": {"company": 44, "product": 50, "month": 6, "year": 2025, "volume": "13943.59", "avg_price": "1303.69", "yoy_volume_growth": "15.58", "yoy_price_growth": "2.51"}}, {"model": "trade_ledger.tradetrend", "pk": 639, "fields": {"company": 44, "product": 52, "month": 5, "year": 2025, "volume": "15595.70", "avg_price": "517.27", "yoy_volume_growth": "7.93", "yoy_price_growth": "-0.58"}}, {"model": "trade_ledger.tradetrend", "pk": 640, "fields": {"company": 44, "product": 48, "month": 5, "year": 2025, "volume": "4285.61", "avg_price": "1604.21", "yoy_volume_growth": "0.85", "yoy_price_growth": "13.12"}}, {"model": "trade_ledger.tradetrend", "pk": 641, "fields": {"company": 44, "product": 52, "month": 4, "year": 2025, "volume": "16313.47", "avg_price": "540.43", "yoy_volume_growth": "-1.61", "yoy_price_growth": "12.60"}}, {"model": "trade_ledger.tradetrend", "pk": 642, "fields": {"company": 44, "product": 49, "month": 4, "year": 2025, "volume": "22625.20", "avg_price": "1909.20", "yoy_volume_growth": "10.69", "yoy_price_growth": "-2.94"}}, {"model": "trade_ledger.tradetrend", "pk": 643, "fields": {"company": 44, "product": 52, "month": 3, "year": 2025, "volume": "15171.64", "avg_price": "539.24", "yoy_volume_growth": "13.71", "yoy_price_growth": "3.50"}}, {"model": "trade_ledger.tradetrend", "pk": 644, "fields": {"company": 44, "product": 51, "month": 3, "year": 2025, "volume": "22358.98", "avg_price": "933.71", "yoy_volume_growth": "3.72", "yoy_price_growth": "0.95"}}, {"model": "trade_ledger.tradetrend", "pk": 645, "fields": {"company": 44, "product": 51, "month": 2, "year": 2025, "volume": "21358.25", "avg_price": "943.47", "yoy_volume_growth": "10.41", "yoy_price_growth": "6.37"}}, {"model": "trade_ledger.tradetrend", "pk": 646, "fields": {"company": 44, "product": 52, "month": 2, "year": 2025, "volume": "13307.66", "avg_price": "524.17", "yoy_volume_growth": "24.95", "yoy_price_growth": "0.04"}}, {"model": "trade_ledger.tradetrend", "pk": 647, "fields": {"company": 44, "product": 50, "month": 1, "year": 2025, "volume": "15831.95", "avg_price": "1514.77", "yoy_volume_growth": "-4.05", "yoy_price_growth": "2.04"}}, {"model": "trade_ledger.tradetrend", "pk": 648, "fields": {"company": 44, "product": 49, "month": 1, "year": 2025, "volume": "31187.18", "avg_price": "1689.77", "yoy_volume_growth": "23.82", "yoy_price_growth": "2.49"}}, {"model": "trade_ledger.tradetrend", "pk": 649, "fields": {"company": 44, "product": 52, "month": 12, "year": 2024, "volume": "13583.77", "avg_price": "481.02", "yoy_volume_growth": null, "yoy_price_growth": null}}, {"model": "trade_ledger.tradetrend", "pk": 650, "fields": {"company": 44, "product": 50, "month": 12, "year": 2024, "volume": "19472.67", "avg_price": "1449.56", "yoy_volume_growth": null, "yoy_price_growth": null}}, {"model": "trade_ledger.tradetrend", "pk": 651, "fields": {"company": 44, "product": 49, "month": 11, "year": 2024, "volume": "24142.53", "avg_price": "1956.31", "yoy_volume_growth": null, "yoy_price_growth": null}}, {"model": "trade_ledger.tradetrend", "pk": 652, "fields": {"company": 44, "product": 48, "month": 11, "year": 2024, "volume": "4369.57", "avg_price": "1676.25", "yoy_volume_growth": null, "yoy_price_growth": null}}, {"model": "trade_ledger.tradetrend", "pk": 653, "fields": {"company": 44, "product": 49, "month": 10, "year": 2024, "volume": "22636.93", "avg_price": "1775.03", "yoy_volume_growth": null, "yoy_price_growth": null}}, {"model": "trade_ledger.tradetrend", "pk": 654, "fields": {"company": 44, "product": 51, "month": 10, "year": 2024, "volume": "20127.09", "avg_price": "1007.72", "yoy_volume_growth": null, "yoy_price_growth": null}}, {"model": "trade_ledger.tradetrend", "pk": 655, "fields": {"company": 44, "product": 48, "month": 9, "year": 2024, "volume": "3786.81", "avg_price": "1596.34", "yoy_volume_growth": null, "yoy_price_growth": null}}, {"model": "trade_ledger.tradetrend", "pk": 656, "fields": {"company": 44, "product": 51, "month": 9, "year": 2024, "volume": "20630.41", "avg_price": "1014.52", "yoy_volume_growth": null, "yoy_price_growth": null}}, {"model": "trade_ledger.tradetrend", "pk": 657, "fields": {"company": 44, "product": 51, "month": 8, "year": 2024, "volume": "20793.44", "avg_price": "1087.69", "yoy_volume_growth": null, "yoy_price_growth": null}}, {"model": "trade_ledger.tradetrend", "pk": 658, "fields": {"company": 44, "product": 49, "month": 8, "year": 2024, "volume": "24232.94", "avg_price": "1781.60", "yoy_volume_growth": null, "yoy_price_growth": null}}, {"model": "trade_ledger.tradetrend", "pk": 659, "fields": {"company": 44, "product": 52, "month": 7, "year": 2024, "volume": "11509.75", "avg_price": "454.77", "yoy_volume_growth": null, "yoy_price_growth": null}}, {"model": "trade_ledger.tradetrend", "pk": 660, "fields": {"company": 44, "product": 49, "month": 7, "year": 2024, "volume": "27792.04", "avg_price": "1626.82", "yoy_volume_growth": null, "yoy_price_growth": null}}, {"model": "trade_ledger.tradetrend", "pk": 661, "fields": {"company": 44, "product": 49, "month": 6, "year": 2024, "volume": "29947.11", "avg_price": "1916.01", "yoy_volume_growth": null, "yoy_price_growth": null}}, {"model": "trade_ledger.tradetrend", "pk": 662, "fields": {"company": 44, "product": 48, "month": 6, "year": 2024, "volume": "4222.43", "avg_price": "1562.86", "yoy_volume_growth": null, "yoy_price_growth": null}}, {"model": "trade_ledger.tradetrend", "pk": 663, "fields": {"company": 44, "product": 51, "month": 5, "year": 2024, "volume": "18480.75", "avg_price": "979.63", "yoy_volume_growth": null, "yoy_price_growth": null}}, {"model": "trade_ledger.tradetrend", "pk": 664, "fields": {"company": 44, "product": 52, "month": 5, "year": 2024, "volume": "12907.97", "avg_price": "482.23", "yoy_volume_growth": null, "yoy_price_growth": null}}, {"model": "trade_ledger.tradetrend", "pk": 665, "fields": {"company": 44, "product": 50, "month": 4, "year": 2024, "volume": "18279.83", "avg_price": "1453.34", "yoy_volume_growth": null, "yoy_price_growth": null}}, {"model": "trade_ledger.tradetrend", "pk": 666, "fields": {"company": 44, "product": 51, "month": 4, "year": 2024, "volume": "19329.29", "avg_price": "1119.56", "yoy_volume_growth": null, "yoy_price_growth": null}}, {"model": "trade_ledger.tradetrend", "pk": 667, "fields": {"company": 44, "product": 50, "month": 3, "year": 2024, "volume": "19910.21", "avg_price": "1545.02", "yoy_volume_growth": null, "yoy_price_growth": null}}, {"model": "trade_ledger.tradetrend", "pk": 668, "fields": {"company": 44, "product": 49, "month": 3, "year": 2024, "volume": "28165.30", "avg_price": "1847.99", "yoy_volume_growth": null, "yoy_price_growth": null}}, {"model": "trade_ledger.tradetrend", "pk": 669, "fields": {"company": 44, "product": 52, "month": 2, "year": 2024, "volume": "15072.74", "avg_price": "472.26", "yoy_volume_growth": null, "yoy_price_growth": null}}, {"model": "trade_ledger.tradetrend", "pk": 670, "fields": {"company": 44, "product": 51, "month": 2, "year": 2024, "volume": "21221.79", "avg_price": "1014.94", "yoy_volume_growth": null, "yoy_price_growth": null}}, {"model": "trade_ledger.tradetrend", "pk": 671, "fields": {"company": 44, "product": 51, "month": 1, "year": 2024, "volume": "20645.43", "avg_price": "1048.55", "yoy_volume_growth": null, "yoy_price_growth": null}}, {"model": "trade_ledger.tradetrend", "pk": 672, "fields": {"company": 44, "product": 48, "month": 1, "year": 2024, "volume": "4790.18", "avg_price": "1770.74", "yoy_volume_growth": null, "yoy_price_growth": null}}, {"model": "trade_ledger.tradetrend", "pk": 673, "fields": {"company": 45, "product": 55, "month": 12, "year": 2025, "volume": "15167.85", "avg_price": "948.54", "yoy_volume_growth": "11.26", "yoy_price_growth": "4.99"}}, {"model": "trade_ledger.tradetrend", "pk": 674, "fields": {"company": 45, "product": 54, "month": 12, "year": 2025, "volume": "790.84", "avg_price": "1757.58", "yoy_volume_growth": "18.53", "yoy_price_growth": "6.25"}}, {"model": "trade_ledger.tradetrend", "pk": 675, "fields": {"company": 45, "product": 54, "month": 11, "year": 2025, "volume": "981.87", "avg_price": "1786.94", "yoy_volume_growth": "14.25", "yoy_price_growth": "3.56"}}, {"model": "trade_ledger.tradetrend", "pk": 676, "fields": {"company": 45, "product": 55, "month": 11, "year": 2025, "volume": "13115.51", "avg_price": "854.52", "yoy_volume_growth": "-8.20", "yoy_price_growth": "3.89"}}, {"model": "trade_ledger.tradetrend", "pk": 677, "fields": {"company": 45, "product": 53, "month": 10, "year": 2025, "volume": "26876.65", "avg_price": "1635.01", "yoy_volume_growth": "23.97", "yoy_price_growth": "3.70"}}, {"model": "trade_ledger.tradetrend", "pk": 678, "fields": {"company": 45, "product": 55, "month": 10, "year": 2025, "volume": "15047.55", "avg_price": "858.54", "yoy_volume_growth": "10.30", "yoy_price_growth": "14.90"}}, {"model": "trade_ledger.tradetrend", "pk": 679, "fields": {"company": 45, "product": 54, "month": 9, "year": 2025, "volume": "932.25", "avg_price": "1766.91", "yoy_volume_growth": "8.13", "yoy_price_growth": "4.22"}}, {"model": "trade_ledger.tradetrend", "pk": 680, "fields": {"company": 45, "product": 53, "month": 9, "year": 2025, "volume": "31424.99", "avg_price": "1751.74", "yoy_volume_growth": "0.04", "yoy_price_growth": "-3.11"}}, {"model": "trade_ledger.tradetrend", "pk": 681, "fields": {"company": 45, "product": 53, "month": 8, "year": 2025, "volume": "25106.81", "avg_price": "1972.11", "yoy_volume_growth": "-6.13", "yoy_price_growth": "0.54"}}, {"model": "trade_ledger.tradetrend", "pk": 682, "fields": {"company": 45, "product": 55, "month": 8, "year": 2025, "volume": "12366.71", "avg_price": "866.58", "yoy_volume_growth": "-7.39", "yoy_price_growth": "13.52"}}, {"model": "trade_ledger.tradetrend", "pk": 683, "fields": {"company": 45, "product": 55, "month": 7, "year": 2025, "volume": "12392.30", "avg_price": "817.96", "yoy_volume_growth": "11.75", "yoy_price_growth": "2.91"}}, {"model": "trade_ledger.tradetrend", "pk": 684, "fields": {"company": 45, "product": 53, "month": 7, "year": 2025, "volume": "31890.65", "avg_price": "1692.76", "yoy_volume_growth": "3.07", "yoy_price_growth": "10.29"}}, {"model": "trade_ledger.tradetrend", "pk": 685, "fields": {"company": 45, "product": 53, "month": 6, "year": 2025, "volume": "28328.29", "avg_price": "1644.25", "yoy_volume_growth": "2.61", "yoy_price_growth": "-2.60"}}, {"model": "trade_ledger.tradetrend", "pk": 686, "fields": {"company": 45, "product": 54, "month": 6, "year": 2025, "volume": "720.53", "avg_price": "1492.10", "yoy_volume_growth": "16.28", "yoy_price_growth": "-1.23"}}, {"model": "trade_ledger.tradetrend", "pk": 687, "fields": {"company": 45, "product": 53, "month": 5, "year": 2025, "volume": "29913.63", "avg_price": "1875.08", "yoy_volume_growth": "0.83", "yoy_price_growth": "-2.29"}}, {"model": "trade_ledger.tradetrend", "pk": 688, "fields": {"company": 45, "product": 54, "month": 5, "year": 2025, "volume": "762.76", "avg_price": "1718.44", "yoy_volume_growth": "6.88", "yoy_price_growth": "8.07"}}, {"model": "trade_ledger.tradetrend", "pk": 689, "fields": {"company": 45, "product": 54, "month": 4, "year": 2025, "volume": "805.66", "avg_price": "1763.58", "yoy_volume_growth": "9.42", "yoy_price_growth": "-0.19"}}, {"model": "trade_ledger.tradetrend", "pk": 690, "fields": {"company": 45, "product": 55, "month": 4, "year": 2025, "volume": "11607.88", "avg_price": "940.51", "yoy_volume_growth": "9.74", "yoy_price_growth": "14.36"}}, {"model": "trade_ledger.tradetrend", "pk": 691, "fields": {"company": 45, "product": 53, "month": 3, "year": 2025, "volume": "25675.49", "avg_price": "1770.14", "yoy_volume_growth": "-9.04", "yoy_price_growth": "-0.93"}}, {"model": "trade_ledger.tradetrend", "pk": 692, "fields": {"company": 45, "product": 55, "month": 3, "year": 2025, "volume": "12140.69", "avg_price": "944.22", "yoy_volume_growth": "-7.77", "yoy_price_growth": "5.50"}}, {"model": "trade_ledger.tradetrend", "pk": 693, "fields": {"company": 45, "product": 54, "month": 2, "year": 2025, "volume": "935.56", "avg_price": "1547.60", "yoy_volume_growth": "-9.90", "yoy_price_growth": "0.75"}}, {"model": "trade_ledger.tradetrend", "pk": 694, "fields": {"company": 45, "product": 55, "month": 2, "year": 2025, "volume": "10446.40", "avg_price": "929.94", "yoy_volume_growth": "6.10", "yoy_price_growth": "3.69"}}, {"model": "trade_ledger.tradetrend", "pk": 695, "fields": {"company": 45, "product": 55, "month": 1, "year": 2025, "volume": "12106.05", "avg_price": "901.82", "yoy_volume_growth": "-4.55", "yoy_price_growth": "-2.83"}}, {"model": "trade_ledger.tradetrend", "pk": 696, "fields": {"company": 45, "product": 54, "month": 1, "year": 2025, "volume": "727.45", "avg_price": "1715.99", "yoy_volume_growth": "18.01", "yoy_price_growth": "0.22"}}, {"model": "trade_ledger.tradetrend", "pk": 697, "fields": {"company": 45, "product": 53, "month": 12, "year": 2024, "volume": "29803.40", "avg_price": "1668.68", "yoy_volume_growth": null, "yoy_price_growth": null}}, {"model": "trade_ledger.tradetrend", "pk": 698, "fields": {"company": 45, "product": 55, "month": 12, "year": 2024, "volume": "11759.51", "avg_price": "944.13", "yoy_volume_growth": null, "yoy_price_growth": null}}, {"model": "trade_ledger.tradetrend", "pk": 699, "fields": {"company": 45, "product": 54, "month": 11, "year": 2024, "volume": "976.39", "avg_price": "1663.44", "yoy_volume_growth": null, "yoy_price_growth": null}}, {"model": "trade_ledger.tradetrend", "pk": 700, "fields": {"company": 45, "product": 53, "month": 11, "year": 2024, "volume": "29057.24", "avg_price": "1636.61", "yoy_volume_growth": null, "yoy_price_growth": null}}, {"model": "trade_ledger.tradetrend", "pk": 701, "fields": {"company": 45, "product": 53, "month": 10, "year": 2024, "volume": "24327.40", "avg_price": "1977.42", "yoy_volume_growth": null, "yoy_price_growth": null}}, {"model": "trade_ledger.tradetrend", "pk": 702, "fields": {"company": 45, "product": 54, "month": 10, "year": 2024, "volume": "971.36", "avg_price": "1717.62", "yoy_volume_growth": null, "yoy_price_growth": null}}, {"model": "trade_ledger.tradetrend", "pk": 703, "fields": {"company": 45, "product": 55, "month": 9, "year": 2024, "volume": "14887.58", "avg_price": "907.99", "yoy_volume_growth": null, "yoy_price_growth": null}}, {"model": "trade_ledger.tradetrend", "pk": 704, "fields": {"company": 45, "product": 54, "month": 9, "year": 2024, "volume": "691.07", "avg_price": "1776.12", "yoy_volume_growth": null, "yoy_price_growth": null}}, {"model": "trade_ledger.tradetrend", "pk": 705, "fields": {"company": 45, "product": 55, "month": 8, "year": 2024, "volume": "13835.81", "avg_price": "902.50", "yoy_volume_growth": null, "yoy_price_growth": null}}, {"model": "trade_ledger.tradetrend", "pk": 706, "fields": {"company": 45, "product": 54, "month": 8, "year": 2024, "volume": "716.29", "avg_price": "1599.21", "yoy_volume_growth": null, "yoy_price_growth": null}}, {"model": "trade_ledger.tradetrend", "pk": 707, "fields": {"company": 45, "product": 55, "month": 7, "year": 2024, "volume": "10387.93", "avg_price": "891.01", "yoy_volume_growth": null, "yoy_price_growth": null}}, {"model": "trade_ledger.tradetrend", "pk": 708, "fields": {"company": 45, "product": 54, "month": 7, "year": 2024, "volume": "879.06", "avg_price": "1655.88", "yoy_volume_growth": null, "yoy_price_growth": null}}, {"model": "trade_ledger.tradetrend", "pk": 709, "fields": {"company": 45, "product": 54, "month": 6, "year": 2024, "volume": "844.95", "avg_price": "1572.37", "yoy_volume_growth": null, "yoy_price_growth": null}}, {"model": "trade_ledger.tradetrend", "pk": 710, "fields": {"company": 45, "product": 55, "month": 6, "year": 2024, "volume": "10470.09", "avg_price": "892.69", "yoy_volume_growth": null, "yoy_price_growth": null}}, {"model": "trade_ledger.tradetrend", "pk": 711, "fields": {"company": 45, "product": 54, "month": 5, "year": 2024, "volume": "869.85", "avg_price": "1506.40", "yoy_volume_growth": null, "yoy_price_growth": null}}, {"model": "trade_ledger.tradetrend", "pk": 712, "fields": {"company": 45, "product": 55, "month": 5, "year": 2024, "volume": "13984.90", "avg_price": "950.71", "yoy_volume_growth": null, "yoy_price_growth": null}}, {"model": "trade_ledger.tradetrend", "pk": 713, "fields": {"company": 45, "product": 53, "month": 4, "year": 2024, "volume": "25498.13", "avg_price": "1816.31", "yoy_volume_growth": null, "yoy_price_growth": null}}, {"model": "trade_ledger.tradetrend", "pk": 714, "fields": {"company": 45, "product": 54, "month": 4, "year": 2024, "volume": "953.79", "avg_price": "1580.53", "yoy_volume_growth": null, "yoy_price_growth": null}}, {"model": "trade_ledger.tradetrend", "pk": 715, "fields": {"company": 45, "product": 53, "month": 3, "year": 2024, "volume": "28740.07", "avg_price": "1742.41", "yoy_volume_growth": null, "yoy_price_growth": null}}, {"model": "trade_ledger.tradetrend", "pk": 716, "fields": {"company": 45, "product": 55, "month": 3, "year": 2024, "volume": "13852.35", "avg_price": "902.13", "yoy_volume_growth": null, "yoy_price_growth": null}}, {"model": "trade_ledger.tradetrend", "pk": 717, "fields": {"company": 45, "product": 54, "month": 2, "year": 2024, "volume": "876.37", "avg_price": "1790.89", "yoy_volume_growth": null, "yoy_price_growth": null}}, {"model": "trade_ledger.tradetrend", "pk": 718, "fields": {"company": 45, "product": 55, "month": 2, "year": 2024, "volume": "12998.10", "avg_price": "975.75", "yoy_volume_growth": null, "yoy_price_growth": null}}, {"model": "trade_ledger.tradetrend", "pk": 719, "fields": {"company": 45, "product": 53, "month": 1, "year": 2024, "volume": "28123.62", "avg_price": "1789.89", "yoy_volume_growth": null, "yoy_price_growth": null}}, {"model": "trade_ledger.tradetrend", "pk": 720, "fields": {"company": 45, "product": 54, "month": 1, "year": 2024, "volume": "970.07", "avg_price": "1579.15", "yoy_volume_growth": null, "yoy_price_growth": null}}]
