[{"model": "subscriptions.subscriptionplan", "pk": 1, "fields": {"plan_name": "500 Credits", "price": "9.00", "currency": "PKR", "tokens_included": 500, "description": "Starter monthly plan - perfect for occasional use", "features": {"support": "Email support", "validity": "30 days", "contacts_unlock": "500 contacts per month"}, "created_at": "2025-11-24T16:03:41.845Z", "updated_at": "2025-11-24T16:03:41.845Z"}}, {"model": "subscriptions.subscriptionplan", "pk": 2, "fields": {"plan_name": "5K Credits", "price": "32.00", "currency": "PKR", "tokens_included": 5000, "description": "Standard monthly plan - best for growing businesses", "features": {"popular": true, "support": "Priority email support", "validity": "30 days", "contacts_unlock": "5,000 contacts per month"}, "created_at": "2025-11-24T16:03:41.852Z", "updated_at": "2025-11-24T16:03:41.852Z"}}, {"model": "subscriptions.subscriptionplan", "pk": 3, "fields": {"plan_name": "15K Credits", "price": "99.00", "currency": "PKR", "tokens_included": 15000, "description": "Ultimate monthly plan - for power users", "features": {"support": "Priority support + phone", "validity": "30 days", "contacts_unlock": "15,000 contacts per month", "advanced_analytics": true}, "created_at": "2025-11-24T16:03:41.858Z", "updated_at": "2025-11-24T16:03:41.858Z"}}, {"model": "subscriptions.subscriptionplan", "pk": 4, "fields": {"plan_name": "6000 Credits Annually", "price": "99.00", "currency": "PKR", "tokens_included": 6000, "description": "Starter annual plan - save with yearly billing", "features": {"save": "~10% vs monthly", "support": "Email support", "validity": "365 days", "contacts_unlock": "6,000 contacts per year"}, "created_at": "2025-11-24T16:03:41.863Z", "updated_at": "2025-11-24T16:03:41.863Z"}}, {"model": "subscriptions.subscriptionplan", "pk": 5, "fields": {"plan_name": "60K Credits Annually", "price": "350.00", "currency": "PKR", "tokens_included": 60000, "description": "Standard annual plan - maximum savings", "features": {"save": "~10% vs monthly", "popular": true, "support": "Priority email support", "validity": "365 days", "contacts_unlock": "60,000 contacts per year"}, "created_at": "2025-11-24T16:03:41.868Z", "updated_at": "2025-11-24T16:03:41.868Z"}}, {"model": "subscriptions.subscriptionplan", "pk": 6, "fields": {"plan_name": "900K Credits Annually", "price": "1090.00", "currency": "PKR", "tokens_included": 900000, "description": "Ultimate annual plan - best value", "features": {"save": "~10% vs monthly", "support": "Premium support + dedicated account manager", "validity": "365 days", "contacts_unlock": "900,000 contacts per year", "priority_access": true, "advanced_analytics": true}, "created_at": "2025-11-24T16:03:41.872Z", "updated_at": "2025-11-24T16:03:41.872Z"}}, {"model": "subscriptions.usersubscription", "pk": 1, "fields": {"user": 3, "plan": 2, "status": "active", "start_date": "2025-11-24", "end_date": "2025-12-24", "billing_cycle": "monthly", "created_at": "2025-11-24T16:48:23.123Z"}}, {"model": "subscriptions.usersubscription", "pk": 2, "fields": {"user": 3, "plan": 4, "status": "active", "start_date": "2025-11-24", "end_date": "2026-11-24", "billing_cycle": "yearly", "created_at": "2025-11-24T16:53:03.811Z"}}, {"model": "subscriptions.usersubscription", "pk": 3, "fields": {"user": 2, "plan": 6, "status": "active", "start_date": "2025-11-25", "end_date": "2026-11-25", "billing_cycle": "yearly", "created_at": "2025-11-25T02:23:34.537Z"}}, {"model": "subscriptions.usersubscription", "pk": 4, "fields": {"user": 3, "plan": 3, "status": "active", "start_date": "2025-11-25", "end_date": "2025-12-25", "billing_cycle": "monthly", "created_at": "2025-11-25T08:13:45.849Z"}}, {"model": "subscriptions.redeemcode", "pk": 1, "fields": {"code": "INIT-DUMMY-CODE", "plan": 1, "status": "active", "redeemed_by": null, "created_at": "2025-11-24T16:17:35.413Z", "redeemed_at": null, "expires_at": null}}, {"model": "subscriptions.redeemcode", "pk": 2, "fields": {"code": "22RVYKZHYUS7", "plan": 1, "status": "active", "redeemed_by": null, "created_at": "2025-11-24T16:28:10.164Z", "redeemed_at": null, "expires_at": null}}, {"model": "subscriptions.redeemcode", "pk": 3, "fields": {"code": "U39Q2P4TTDCV", "plan": 1, "status": "active", "redeemed_by": null, "created_at": "2025-11-24T16:28:10.188Z", "redeemed_at": null, "expires_at": null}}, {"model": "subscriptions.redeemcode", "pk": 4, "fields": {"code": "5T5WY2FQHKLY", "plan": 1, "status": "active", "redeemed_by": null, "created_at": "2025-11-24T16:28:10.199Z", "redeemed_at": null, "expires_at": null}}, {"model": "subscriptions.redeemcode", "pk": 5, "fields": {"code": "GFW4W4LCFHHR", "plan": 1, "status": "active", "redeemed_by": null, "created_at": "2025-11-24T16:28:10.208Z", "redeemed_at": null, "expires_at": null}}, {"model": "subscriptions.redeemcode", "pk": 6, "fields": {"code": "K7U9FSBD8FK6", "plan": 1, "status": "active", "redeemed_by": null, "created_at": "2025-11-24T16:28:10.217Z", "redeemed_at": null, "expires_at": null}}, {"model": "subscriptions.redeemcode", "pk": 7, "fields": {"code": "UELCGBWT5A6Q", "plan": 2, "status": "active", "redeemed_by": null, "created_at": "2025-11-24T16:31:46.229Z", "redeemed_at": null, "expires_at": null}}, {"model": "subscriptions.redeemcode", "pk": 8, "fields": {"code": "G27TWJQHU27G", "plan": 2, "status": "redeemed", "redeemed_by": 3, "created_at": "2025-11-24T16:31:46.241Z", "redeemed_at": "2025-11-24T16:48:23.120Z", "expires_at": null}}, {"model": "subscriptions.redeemcode", "pk": 9, "fields": {"code": "ZC6RN26WNCMU", "plan": 4, "status": "redeemed", "redeemed_by": 3, "created_at": "2025-11-24T16:33:30.146Z", "redeemed_at": "2025-11-24T16:53:03.808Z", "expires_at": null}}, {"model": "subscriptions.redeemcode", "pk": 10, "fields": {"code": "X893JJUA9Q59", "plan": 4, "status": "active", "redeemed_by": null, "created_at": "2025-11-24T16:33:30.155Z", "redeemed_at": null, "expires_at": null}}, {"model": "subscriptions.redeemcode", "pk": 11, "fields": {"code": "WJB9JDRNNARX", "plan": 4, "status": "active", "redeemed_by": null, "created_at": "2025-11-24T16:33:30.160Z", "redeemed_at": null, "expires_at": null}}, {"model": "subscriptions.redeemcode", "pk": 12, "fields": {"code": "5EV29U4KFDU3", "plan": 4, "status": "active", "redeemed_by": null, "created_at": "2025-11-24T16:33:30.165Z", "redeemed_at": null, "expires_at": null}}, {"model": "subscriptions.redeemcode", "pk": 13, "fields": {"code": "MH47ZW4AH6JJ", "plan": 4, "status": "active", "redeemed_by": null, "created_at": "2025-11-24T16:33:30.169Z", "redeemed_at": null, "expires_at": null}}, {"model": "subscriptions.redeemcode", "pk": 14, "fields": {"code": "PMXWVCZA4E3Z", "plan": 4, "status": "active", "redeemed_by": null, "created_at": "2025-11-24T16:33:30.175Z", "redeemed_at": null, "expires_at": null}}, {"model": "subscriptions.redeemcode", "pk": 15, "fields": {"code": "CEPDTDDE2HT3", "plan": 4, "status": "active", "redeemed_by": null, "created_at": "2025-11-24T16:33:30.180Z", "redeemed_at": null, "expires_at": null}}, {"model": "subscriptions.redeemcode", "pk": 16, "fields": {"code": "ZX5CGDNPGEEP", "plan": 4, "status": "active", "redeemed_by": null, "created_at": "2025-11-24T16:33:30.185Z", "redeemed_at": null, "expires_at": null}}, {"model": "subscriptions.redeemcode", "pk": 17, "fields": {"code": "XAVGAUR4H4YN", "plan": 4, "status": "active", "redeemed_by": null, "created_at": "2025-11-24T16:33:30.195Z", "redeemed_at": null, "expires_at": null}}, {"model": "subscriptions.redeemcode", "pk": 18, "fields": {"code": "BCSSYYJDMSSX", "plan": 4, "status": "active", "redeemed_by": null, "created_at": "2025-11-24T16:33:30.201Z", "redeemed_at": null, "expires_at": null}}, {"model": "subscriptions.redeemcode", "pk": 19, "fields": {"code": "SQ9TUTV6F4HA", "plan": 6, "status": "active", "redeemed_by": null, "created_at": "2025-11-25T02:23:00.559Z", "redeemed_at": null, "expires_at": null}}, {"model": "subscriptions.redeemcode", "pk": 20, "fields": {"code": "PQAR92377KLQ", "plan": 6, "status": "active", "redeemed_by": null, "created_at": "2025-11-25T02:23:00.573Z", "redeemed_at": null, "expires_at": null}}, {"model": "subscriptions.redeemcode", "pk": 21, "fields": {"code": "B9CZDYK43RH5", "plan": 6, "status": "active", "redeemed_by": null, "created_at": "2025-11-25T02:23:00.583Z", "redeemed_at": null, "expires_at": null}}, {"model": "subscriptions.redeemcode", "pk": 22, "fields": {"code": "ZMUGA5A73Z5K", "plan": 6, "status": "active", "redeemed_by": null, "created_at": "2025-11-25T02:23:00.592Z", "redeemed_at": null, "expires_at": null}}, {"model": "subscriptions.redeemcode", "pk": 23, "fields": {"code": "T4PZQMNC2B4C", "plan": 6, "status": "active", "redeemed_by": null, "created_at": "2025-11-25T02:23:00.602Z", "redeemed_at": null, "expires_at": null}}, {"model": "subscriptions.redeemcode", "pk": 24, "fields": {"code": "8N3BBTTKRQYC", "plan": 6, "status": "active", "redeemed_by": null, "created_at": "2025-11-25T02:23:00.613Z", "redeemed_at": null, "expires_at": null}}, {"model": "subscriptions.redeemcode", "pk": 25, "fields": {"code": "MK8XXW89WMM5", "plan": 6, "status": "active", "redeemed_by": null, "created_at": "2025-11-25T02:23:00.622Z", "redeemed_at": null, "expires_at": null}}, {"model": "subscriptions.redeemcode", "pk": 26, "fields": {"code": "9G5BE894SKK6", "plan": 6, "status": "active", "redeemed_by": null, "created_at": "2025-11-25T02:23:00.633Z", "redeemed_at": null, "expires_at": null}}, {"model": "subscriptions.redeemcode", "pk": 27, "fields": {"code": "VPVQWAXRFWW3", "plan": 6, "status": "active", "redeemed_by": null, "created_at": "2025-11-25T02:23:00.642Z", "redeemed_at": null, "expires_at": null}}, {"model": "subscriptions.redeemcode", "pk": 28, "fields": {"code": "ETUAHZYBXFBX", "plan": 6, "status": "redeemed", "redeemed_by": 2, "created_at": "2025-11-25T02:23:00.653Z", "redeemed_at": "2025-11-25T02:23:34.530Z", "expires_at": null}}, {"model": "subscriptions.redeemcode", "pk": 29, "fields": {"code": "UQAEPQYZCWA9", "plan": 3, "status": "active", "redeemed_by": null, "created_at": "2025-11-25T08:13:15.763Z", "redeemed_at": null, "expires_at": null}}, {"model": "subscriptions.redeemcode", "pk": 30, "fields": {"code": "EGHKTEXP9V6K", "plan": 3, "status": "active", "redeemed_by": null, "created_at": "2025-11-25T08:13:15.771Z", "redeemed_at": null, "expires_at": null}}, {"model": "subscriptions.redeemcode", "pk": 31, "fields": {"code": "32ZM78NHUSJ7", "plan": 3, "status": "active", "redeemed_by": null, "created_at": "2025-11-25T08:13:15.776Z", "redeemed_at": null, "expires_at": null}}, {"model": "subscriptions.redeemcode", "pk": 32, "fields": {"code": "M9ZM23WJ33GD", "plan": 3, "status": "active", "redeemed_by": null, "created_at": "2025-11-25T08:13:15.781Z", "redeemed_at": null, "expires_at": null}}, {"model": "subscriptions.redeemcode", "pk": 33, "fields": {"code": "NXUK76KVL8L6", "plan": 3, "status": "active", "redeemed_by": null, "created_at": "2025-11-25T08:13:15.786Z", "redeemed_at": null, "expires_at": null}}, {"model": "subscriptions.redeemcode", "pk": 34, "fields": {"code": "3QTSSQXQP95Z", "plan": 3, "status": "active", "redeemed_by": null, "created_at": "2025-11-25T08:13:15.791Z", "redeemed_at": null, "expires_at": null}}, {"model": "subscriptions.redeemcode", "pk": 35, "fields": {"code": "29W73X63JKKW", "plan": 3, "status": "active", "redeemed_by": null, "created_at": "2025-11-25T08:13:15.796Z", "redeemed_at": null, "expires_at": null}}, {"model": "subscriptions.redeemcode", "pk": 36, "fields": {"code": "66NY4XFD3ZJR", "plan": 3, "status": "active", "redeemed_by": null, "created_at": "2025-11-25T08:13:15.801Z", "redeemed_at": null, "expires_at": null}}, {"model": "subscriptions.redeemcode", "pk": 37, "fields": {"code": "2TE7FDZ66H8J", "plan": 3, "status": "active", "redeemed_by": null, "created_at": "2025-11-25T08:13:15.806Z", "redeemed_at": null, "expires_at": null}}, {"model": "subscriptions.redeemcode", "pk": 38, "fields": {"code": "HLZEXH2N462P", "plan": 3, "status": "redeemed", "redeemed_by": 3, "created_at": "2025-11-25T08:13:15.811Z", "redeemed_at": "2025-11-25T08:13:45.847Z", "expires_at": null}}, {"model": "subscriptions.redeemcode", "pk": 39, "fields": {"code": "ZWVF7D2CSY4Q", "plan": 1, "status": "active", "redeemed_by": null, "created_at": "2025-11-25T09:20:50.613Z", "redeemed_at": null, "expires_at": null}}, {"model": "subscriptions.redeemcode", "pk": 40, "fields": {"code": "RTTP49TKZ95H", "plan": 1, "status": "active", "redeemed_by": null, "created_at": "2025-11-25T09:20:50.622Z", "redeemed_at": null, "expires_at": null}}, {"model": "subscriptions.redeemcode", "pk": 41, "fields": {"code": "HBLDDF7NXPYM", "plan": 1, "status": "active", "redeemed_by": null, "created_at": "2025-11-25T09:20:50.627Z", "redeemed_at": null, "expires_at": null}}, {"model": "subscriptions.redeemcode", "pk": 42, "fields": {"code": "AMW2BGMYHWKC", "plan": 1, "status": "active", "redeemed_by": null, "created_at": "2025-11-25T09:20:50.631Z", "redeemed_at": null, "expires_at": null}}, {"model": "subscriptions.redeemcode", "pk": 43, "fields": {"code": "VPXG3YH484R7", "plan": 1, "status": "active", "redeemed_by": null, "created_at": "2025-11-25T09:20:50.637Z", "redeemed_at": null, "expires_at": null}}, {"model": "subscriptions.redeemcode", "pk": 44, "fields": {"code": "YNTL3RGX7BK2", "plan": 1, "status": "active", "redeemed_by": null, "created_at": "2025-11-25T09:20:50.642Z", "redeemed_at": null, "expires_at": null}}, {"model": "subscriptions.redeemcode", "pk": 45, "fields": {"code": "WCZD2GFJG5AX", "plan": 1, "status": "active", "redeemed_by": null, "created_at": "2025-11-25T09:20:50.646Z", "redeemed_at": null, "expires_at": null}}, {"model": "subscriptions.redeemcode", "pk": 46, "fields": {"code": "ZB74CC8RN387", "plan": 1, "status": "active", "redeemed_by": null, "created_at": "2025-11-25T09:20:50.651Z", "redeemed_at": null, "expires_at": null}}, {"model": "subscriptions.redeemcode", "pk": 47, "fields": {"code": "WMD7XDHTY9S5", "plan": 1, "status": "active", "redeemed_by": null, "created_at": "2025-11-25T09:20:50.657Z", "redeemed_at": null, "expires_at": null}}, {"model": "subscriptions.redeemcode", "pk": 48, "fields": {"code": "SUCEHD36VZ8P", "plan": 1, "status": "active", "redeemed_by": null, "created_at": "2025-11-25T09:20:50.661Z", "redeemed_at": null, "expires_at": null}}, {"model": "subscriptions.redeemcode", "pk": 49, "fields": {"code": "6MRAEGE723DC", "plan": 4, "status": "active", "redeemed_by": null, "created_at": "2025-11-25T09:21:05.566Z", "redeemed_at": null, "expires_at": null}}, {"model": "subscriptions.redeemcode", "pk": 50, "fields": {"code": "2SK72RD8XRXS", "plan": 4, "status": "active", "redeemed_by": null, "created_at": "2025-11-25T09:21:05.576Z", "redeemed_at": null, "expires_at": null}}, {"model": "subscriptions.redeemcode", "pk": 51, "fields": {"code": "SRK32D732FH8", "plan": 4, "status": "active", "redeemed_by": null, "created_at": "2025-11-25T09:21:05.581Z", "redeemed_at": null, "expires_at": null}}, {"model": "subscriptions.redeemcode", "pk": 52, "fields": {"code": "769Z3NADTTA9", "plan": 4, "status": "active", "redeemed_by": null, "created_at": "2025-11-25T09:21:05.586Z", "redeemed_at": null, "expires_at": null}}, {"model": "subscriptions.redeemcode", "pk": 53, "fields": {"code": "3HR8LX366DUH", "plan": 4, "status": "active", "redeemed_by": null, "created_at": "2025-11-25T09:21:05.591Z", "redeemed_at": null, "expires_at": null}}, {"model": "subscriptions.redeemcode", "pk": 54, "fields": {"code": "TKZ3KZMGTHEV", "plan": 4, "status": "active", "redeemed_by": null, "created_at": "2025-11-25T09:21:05.596Z", "redeemed_at": null, "expires_at": null}}, {"model": "subscriptions.redeemcode", "pk": 55, "fields": {"code": "N8WXP7YZCJNZ", "plan": 4, "status": "active", "redeemed_by": null, "created_at": "2025-11-25T09:21:05.601Z", "redeemed_at": null, "expires_at": null}}, {"model": "subscriptions.redeemcode", "pk": 56, "fields": {"code": "EJQC4NCN77VQ", "plan": 4, "status": "active", "redeemed_by": null, "created_at": "2025-11-25T09:21:05.606Z", "redeemed_at": null, "expires_at": null}}, {"model": "subscriptions.redeemcode", "pk": 57, "fields": {"code": "VEDBM9GC736Y", "plan": 4, "status": "active", "redeemed_by": null, "created_at": "2025-11-25T09:21:05.611Z", "redeemed_at": null, "expires_at": null}}, {"model": "subscriptions.redeemcode", "pk": 58, "fields": {"code": "LUGFFYR93HRC", "plan": 4, "status": "active", "redeemed_by": null, "created_at": "2025-11-25T09:21:05.616Z", "redeemed_at": null, "expires_at": null}}, {"model": "companies.companyrole", "pk": 1, "fields": {"name": "Buyer", "description": ""}}, {"model": "companies.companyrole", "pk": 2, "fields": {"name": "Supplier", "description": ""}}, {"model": "companies.companyrole", "pk": 3, "fields": {"name": "Distributor", "description": ""}}, {"model": "companies.companyrole", "pk": 4, "fields": {"name": "Manufacturer", "description": ""}}, {"model": "companies.companyrole", "pk": 5, "fields": {"name": "Service Provider", "description": ""}}]